panel,dataset,station,station_name,state,case,year,month,epsilon,seed,method,mechanism,buckets,calibration,label_rule,n_calibration,n_test,fault_rows,fault_rate,normalization_p01,normalization_p99,auroc,auprc,recall_at_5pct_fpr,precision_at_k,runtime_sec,source_url,calibration_url
coops_verified_flat_qc_ldp,NOAA CO-OPS verified six-minute water level,8539094,"Burlington, Delaware River",NJ,8539094_2025_01,2025,1,2.0,0,report_frequency,k_ary_randomized_response,24,previous_month_nonflat_rows_else_same_month_nonflat,verified_six_minute_F_flat_tolerance_flag_equals_1,7440,7440,3131,0.42083333333333334,-0.22244,2.515,0.4971739199238275,0.41275424696951996,0.04247844139252635,0.40817630150111783,0.00029124499997124076,"https://opendap.co-ops.nos.noaa.gov/erddap/tabledap/IOOS_SixMin_Verified_Water_Level.csv?STATION_ID,DATUM,BEGIN_DATE,END_DATE,time,WL_VALUE,F,R,T,I&STATION_ID=%228539094%22&DATUM=%22MLLW%22&BEGIN_DATE=%2220250101%22&END_DATE=%2220250131%22","https://opendap.co-ops.nos.noaa.gov/erddap/tabledap/IOOS_SixMin_Verified_Water_Level.csv?STATION_ID,DATUM,BEGIN_DATE,END_DATE,time,WL_VALUE,F,R,T,I&STATION_ID=%228539094%22&DATUM=%22MLLW%22&BEGIN_DATE=%2220241201%22&END_DATE=%2220241231%22"
coops_verified_flat_qc_ldp,NOAA CO-OPS verified six-minute water level,8539094,"Burlington, Delaware River",NJ,8539094_2025_01,2025,1,2.0,0,channel_point_glr,k_ary_randomized_response,24,previous_month_nonflat_rows_else_same_month_nonflat,verified_six_minute_F_flat_tolerance_flag_equals_1,7440,7440,3131,0.42083333333333334,-0.22244,2.515,0.4991737006743293,0.4129527779428749,0.05269881826892367,0.415202810603641,0.00770923201343976,"https://opendap.co-ops.nos.noaa.gov/erddap/tabledap/IOOS_SixMin_Verified_Water_Level.csv?STATION_ID,DATUM,BEGIN_DATE,END_DATE,time,WL_VALUE,F,R,T,I&STATION_ID=%228539094%22&DATUM=%22MLLW%22&BEGIN_DATE=%2220250101%22&END_DATE=%2220250131%22","https://opendap.co-ops.nos.noaa.gov/erddap/tabledap/IOOS_SixMin_Verified_Water_Level.csv?STATION_ID,DATUM,BEGIN_DATE,END_DATE,time,WL_VALUE,F,R,T,I&STATION_ID=%228539094%22&DATUM=%22MLLW%22&BEGIN_DATE=%2220241201%22&END_DATE=%2220241231%22"
coops_verified_flat_qc_ldp,NOAA CO-OPS verified six-minute water level,8539094,"Burlington, Delaware River",NJ,8539094_2025_01,2025,1,2.0,0,channel_window_glr_5,k_ary_randomized_response,24,previous_month_nonflat_rows_else_same_month_nonflat,verified_six_minute_F_flat_tolerance_flag_equals_1,7440,7440,3131,0.42083333333333334,-0.22244,2.515,0.480992002433536,0.41110303809820514,0.05237943149153625,0.40402427339508146,0.007862841011956334,"https://opendap.co-ops.nos.noaa.gov/erddap/tabledap/IOOS_SixMin_Verified_Water_Level.csv?STATION_ID,DATUM,BEGIN_DATE,END_DATE,time,WL_VALUE,F,R,T,I&STATION_ID=%228539094%22&DATUM=%22MLLW%22&BEGIN_DATE=%2220250101%22&END_DATE=%2220250131%22","https://opendap.co-ops.nos.noaa.gov/erddap/tabledap/IOOS_SixMin_Verified_Water_Level.csv?STATION_ID,DATUM,BEGIN_DATE,END_DATE,time,WL_VALUE,F,R,T,I&STATION_ID=%228539094%22&DATUM=%22MLLW%22&BEGIN_DATE=%2220241201%22&END_DATE=%2220241231%22"
coops_verified_flat_qc_ldp,NOAA CO-OPS verified six-minute water level,8539094,"Burlington, Delaware River",NJ,8539094_2025_01,2025,1,2.0,0,privsaf_hmm_scan,k_ary_randomized_response,24,previous_month_nonflat_rows_else_same_month_nonflat,verified_six_minute_F_flat_tolerance_flag_equals_1,7440,7440,3131,0.42083333333333334,-0.22244,2.515,0.49912111192553466,0.420314426507488,0.04918556371766209,0.42574257425742573,0.16122030600672588,"https://opendap.co-ops.nos.noaa.gov/erddap/tabledap/IOOS_SixMin_Verified_Water_Level.csv?STATION_ID,DATUM,BEGIN_DATE,END_DATE,time,WL_VALUE,F,R,T,I&STATION_ID=%228539094%22&DATUM=%22MLLW%22&BEGIN_DATE=%2220250101%22&END_DATE=%2220250131%22","https://opendap.co-ops.nos.noaa.gov/erddap/tabledap/IOOS_SixMin_Verified_Water_Level.csv?STATION_ID,DATUM,BEGIN_DATE,END_DATE,time,WL_VALUE,F,R,T,I&STATION_ID=%228539094%22&DATUM=%22MLLW%22&BEGIN_DATE=%2220241201%22&END_DATE=%2220241231%22"
coops_verified_flat_qc_ldp,NOAA CO-OPS verified six-minute water level,8539094,"Burlington, Delaware River",NJ,8539094_2025_01,2025,1,2.0,1,report_frequency,k_ary_randomized_response,24,previous_month_nonflat_rows_else_same_month_nonflat,verified_six_minute_F_flat_tolerance_flag_equals_1,7440,7440,3131,0.42083333333333334,-0.22244,2.515,0.5158044570206128,0.420984059098056,0.04758862983072501,0.42765889492175024,0.00028802300221286714,"https://opendap.co-ops.nos.noaa.gov/erddap/tabledap/IOOS_SixMin_Verified_Water_Level.csv?STATION_ID,DATUM,BEGIN_DATE,END_DATE,time,WL_VALUE,F,R,T,I&STATION_ID=%228539094%22&DATUM=%22MLLW%22&BEGIN_DATE=%2220250101%22&END_DATE=%2220250131%22","https://opendap.co-ops.nos.noaa.gov/erddap/tabledap/IOOS_SixMin_Verified_Water_Level.csv?STATION_ID,DATUM,BEGIN_DATE,END_DATE,time,WL_VALUE,F,R,T,I&STATION_ID=%228539094%22&DATUM=%22MLLW%22&BEGIN_DATE=%2220241201%22&END_DATE=%2220241231%22"
coops_verified_flat_qc_ldp,NOAA CO-OPS verified six-minute water level,8539094,"Burlington, Delaware River",NJ,8539094_2025_01,2025,1,2.0,1,channel_point_glr,k_ary_randomized_response,24,previous_month_nonflat_rows_else_same_month_nonflat,verified_six_minute_F_flat_tolerance_flag_equals_1,7440,7440,3131,0.42083333333333334,-0.22244,2.515,0.5016850265267433,0.41485832281519636,0.04758862983072501,0.41903545193229,0.0076063129818066955,"https://opendap.co-ops.nos.noaa.gov/erddap/tabledap/IOOS_SixMin_Verified_Water_Level.csv?STATION_ID,DATUM,BEGIN_DATE,END_DATE,time,WL_VALUE,F,R,T,I&STATION_ID=%228539094%22&DATUM=%22MLLW%22&BEGIN_DATE=%2220250101%22&END_DATE=%2220250131%22","https://opendap.co-ops.nos.noaa.gov/erddap/tabledap/IOOS_SixMin_Verified_Water_Level.csv?STATION_ID,DATUM,BEGIN_DATE,END_DATE,time,WL_VALUE,F,R,T,I&STATION_ID=%228539094%22&DATUM=%22MLLW%22&BEGIN_DATE=%2220241201%22&END_DATE=%2220241231%22"
coops_verified_flat_qc_ldp,NOAA CO-OPS verified six-minute water level,8539094,"Burlington, Delaware River",NJ,8539094_2025_01,2025,1,2.0,1,channel_window_glr_5,k_ary_randomized_response,24,previous_month_nonflat_rows_else_same_month_nonflat,verified_six_minute_F_flat_tolerance_flag_equals_1,7440,7440,3131,0.42083333333333334,-0.22244,2.515,0.5070631248064056,0.4346118623442659,0.058447780261897155,0.4289364420312999,0.008027923991903663,"https://opendap.co-ops.nos.noaa.gov/erddap/tabledap/IOOS_SixMin_Verified_Water_Level.csv?STATION_ID,DATUM,BEGIN_DATE,END_DATE,time,WL_VALUE,F,R,T,I&STATION_ID=%228539094%22&DATUM=%22MLLW%22&BEGIN_DATE=%2220250101%22&END_DATE=%2220250131%22","https://opendap.co-ops.nos.noaa.gov/erddap/tabledap/IOOS_SixMin_Verified_Water_Level.csv?STATION_ID,DATUM,BEGIN_DATE,END_DATE,time,WL_VALUE,F,R,T,I&STATION_ID=%228539094%22&DATUM=%22MLLW%22&BEGIN_DATE=%2220241201%22&END_DATE=%2220241231%22"
coops_verified_flat_qc_ldp,NOAA CO-OPS verified six-minute water level,8539094,"Burlington, Delaware River",NJ,8539094_2025_01,2025,1,2.0,1,privsaf_hmm_scan,k_ary_randomized_response,24,previous_month_nonflat_rows_else_same_month_nonflat,verified_six_minute_F_flat_tolerance_flag_equals_1,7440,7440,3131,0.42083333333333334,-0.22244,2.515,0.4954432349485182,0.4172812721408138,0.046311082721175345,0.4206323858192271,0.16136371201719157,"https://opendap.co-ops.nos.noaa.gov/erddap/tabledap/IOOS_SixMin_Verified_Water_Level.csv?STATION_ID,DATUM,BEGIN_DATE,END_DATE,time,WL_VALUE,F,R,T,I&STATION_ID=%228539094%22&DATUM=%22MLLW%22&BEGIN_DATE=%2220250101%22&END_DATE=%2220250131%22","https://opendap.co-ops.nos.noaa.gov/erddap/tabledap/IOOS_SixMin_Verified_Water_Level.csv?STATION_ID,DATUM,BEGIN_DATE,END_DATE,time,WL_VALUE,F,R,T,I&STATION_ID=%228539094%22&DATUM=%22MLLW%22&BEGIN_DATE=%2220241201%22&END_DATE=%2220241231%22"
coops_verified_flat_qc_ldp,NOAA CO-OPS verified six-minute water level,8539094,"Burlington, Delaware River",NJ,8539094_2025_01,2025,1,4.0,0,report_frequency,k_ary_randomized_response,24,previous_month_nonflat_rows_else_same_month_nonflat,verified_six_minute_F_flat_tolerance_flag_equals_1,7440,7440,3131,0.42083333333333334,-0.22244,2.515,0.4938222488431402,0.40620067506298657,0.06483551580964549,0.41200894282976686,0.00027319000218994915,"https://opendap.co-ops.nos.noaa.gov/erddap/tabledap/IOOS_SixMin_Verified_Water_Level.csv?STATION_ID,DATUM,BEGIN_DATE,END_DATE,time,WL_VALUE,F,R,T,I&STATION_ID=%228539094%22&DATUM=%22MLLW%22&BEGIN_DATE=%2220250101%22&END_DATE=%2220250131%22","https://opendap.co-ops.nos.noaa.gov/erddap/tabledap/IOOS_SixMin_Verified_Water_Level.csv?STATION_ID,DATUM,BEGIN_DATE,END_DATE,time,WL_VALUE,F,R,T,I&STATION_ID=%228539094%22&DATUM=%22MLLW%22&BEGIN_DATE=%2220241201%22&END_DATE=%2220241231%22"
coops_verified_flat_qc_ldp,NOAA CO-OPS verified six-minute water level,8539094,"Burlington, Delaware River",NJ,8539094_2025_01,2025,1,4.0,0,channel_point_glr,k_ary_randomized_response,24,previous_month_nonflat_rows_else_same_month_nonflat,verified_six_minute_F_flat_tolerance_flag_equals_1,7440,7440,3131,0.42083333333333334,-0.22244,2.515,0.493529619695513,0.4102627654518933,0.06483551580964549,0.41200894282976686,0.007618108997121453,"https://opendap.co-ops.nos.noaa.gov/erddap/tabledap/IOOS_SixMin_Verified_Water_Level.csv?STATION_ID,DATUM,BEGIN_DATE,END_DATE,time,WL_VALUE,F,R,T,I&STATION_ID=%228539094%22&DATUM=%22MLLW%22&BEGIN_DATE=%2220250101%22&END_DATE=%2220250131%22","https://opendap.co-ops.nos.noaa.gov/erddap/tabledap/IOOS_SixMin_Verified_Water_Level.csv?STATION_ID,DATUM,BEGIN_DATE,END_DATE,time,WL_VALUE,F,R,T,I&STATION_ID=%228539094%22&DATUM=%22MLLW%22&BEGIN_DATE=%2220241201%22&END_DATE=%2220241231%22"
coops_verified_flat_qc_ldp,NOAA CO-OPS verified six-minute water level,8539094,"Burlington, Delaware River",NJ,8539094_2025_01,2025,1,4.0,0,channel_window_glr_5,k_ary_randomized_response,24,previous_month_nonflat_rows_else_same_month_nonflat,verified_six_minute_F_flat_tolerance_flag_equals_1,7440,7440,3131,0.42083333333333334,-0.22244,2.515,0.4925326200337265,0.41547849049342234,0.0632385819227084,0.4231874800383264,0.0077053029963281006,"https://opendap.co-ops.nos.noaa.gov/erddap/tabledap/IOOS_SixMin_Verified_Water_Level.csv?STATION_ID,DATUM,BEGIN_DATE,END_DATE,time,WL_VALUE,F,R,T,I&STATION_ID=%228539094%22&DATUM=%22MLLW%22&BEGIN_DATE=%2220250101%22&END_DATE=%2220250131%22","https://opendap.co-ops.nos.noaa.gov/erddap/tabledap/IOOS_SixMin_Verified_Water_Level.csv?STATION_ID,DATUM,BEGIN_DATE,END_DATE,time,WL_VALUE,F,R,T,I&STATION_ID=%228539094%22&DATUM=%22MLLW%22&BEGIN_DATE=%2220241201%22&END_DATE=%2220241231%22"
coops_verified_flat_qc_ldp,NOAA CO-OPS verified six-minute water level,8539094,"Burlington, Delaware River",NJ,8539094_2025_01,2025,1,4.0,0,privsaf_hmm_scan,k_ary_randomized_response,24,previous_month_nonflat_rows_else_same_month_nonflat,verified_six_minute_F_flat_tolerance_flag_equals_1,7440,7440,3131,0.42083333333333334,-0.22244,2.515,0.4998022826111207,0.418269493110933,0.04694985627595018,0.42159054615138936,0.16309356701094657,"https://opendap.co-ops.nos.noaa.gov/erddap/tabledap/IOOS_SixMin_Verified_Water_Level.csv?STATION_ID,DATUM,BEGIN_DATE,END_DATE,time,WL_VALUE,F,R,T,I&STATION_ID=%228539094%22&DATUM=%22MLLW%22&BEGIN_DATE=%2220250101%22&END_DATE=%2220250131%22","https://opendap.co-ops.nos.noaa.gov/erddap/tabledap/IOOS_SixMin_Verified_Water_Level.csv?STATION_ID,DATUM,BEGIN_DATE,END_DATE,time,WL_VALUE,F,R,T,I&STATION_ID=%228539094%22&DATUM=%22MLLW%22&BEGIN_DATE=%2220241201%22&END_DATE=%2220241231%22"
coops_verified_flat_qc_ldp,NOAA CO-OPS verified six-minute water level,8539094,"Burlington, Delaware River",NJ,8539094_2025_01,2025,1,4.0,1,report_frequency,k_ary_randomized_response,24,previous_month_nonflat_rows_else_same_month_nonflat,verified_six_minute_F_flat_tolerance_flag_equals_1,7440,7440,3131,0.42083333333333334,-0.22244,2.515,0.5034109677671366,0.4162332597718394,0.06164164803577132,0.41871606515490256,0.00027068101917393506,"https://opendap.co-ops.nos.noaa.gov/erddap/tabledap/IOOS_SixMin_Verified_Water_Level.csv?STATION_ID,DATUM,BEGIN_DATE,END_DATE,time,WL_VALUE,F,R,T,I&STATION_ID=%228539094%22&DATUM=%22MLLW%22&BEGIN_DATE=%2220250101%22&END_DATE=%2220250131%22","https://opendap.co-ops.nos.noaa.gov/erddap/tabledap/IOOS_SixMin_Verified_Water_Level.csv?STATION_ID,DATUM,BEGIN_DATE,END_DATE,time,WL_VALUE,F,R,T,I&STATION_ID=%228539094%22&DATUM=%22MLLW%22&BEGIN_DATE=%2220241201%22&END_DATE=%2220241231%22"
coops_verified_flat_qc_ldp,NOAA CO-OPS verified six-minute water level,8539094,"Burlington, Delaware River",NJ,8539094_2025_01,2025,1,4.0,1,channel_point_glr,k_ary_randomized_response,24,previous_month_nonflat_rows_else_same_month_nonflat,verified_six_minute_F_flat_tolerance_flag_equals_1,7440,7440,3131,0.42083333333333334,-0.22244,2.515,0.5056781395130956,0.41485295623230894,0.06164164803577132,0.4158415841584158,0.007525926979724318,"https://opendap.co-ops.nos.noaa.gov/erddap/tabledap/IOOS_SixMin_Verified_Water_Level.csv?STATION_ID,DATUM,BEGIN_DATE,END_DATE,time,WL_VALUE,F,R,T,I&STATION_ID=%228539094%22&DATUM=%22MLLW%22&BEGIN_DATE=%2220250101%22&END_DATE=%2220250131%22","https://opendap.co-ops.nos.noaa.gov/erddap/tabledap/IOOS_SixMin_Verified_Water_Level.csv?STATION_ID,DATUM,BEGIN_DATE,END_DATE,time,WL_VALUE,F,R,T,I&STATION_ID=%228539094%22&DATUM=%22MLLW%22&BEGIN_DATE=%2220241201%22&END_DATE=%2220241231%22"
coops_verified_flat_qc_ldp,NOAA CO-OPS verified six-minute water level,8539094,"Burlington, Delaware River",NJ,8539094_2025_01,2025,1,4.0,1,channel_window_glr_5,k_ary_randomized_response,24,previous_month_nonflat_rows_else_same_month_nonflat,verified_six_minute_F_flat_tolerance_flag_equals_1,7440,7440,3131,0.42083333333333334,-0.22244,2.515,0.5024877924799794,0.4159849351560275,0.0533375918236985,0.41935483870967744,0.008003410999663174,"https://opendap.co-ops.nos.noaa.gov/erddap/tabledap/IOOS_SixMin_Verified_Water_Level.csv?STATION_ID,DATUM,BEGIN_DATE,END_DATE,time,WL_VALUE,F,R,T,I&STATION_ID=%228539094%22&DATUM=%22MLLW%22&BEGIN_DATE=%2220250101%22&END_DATE=%2220250131%22","https://opendap.co-ops.nos.noaa.gov/erddap/tabledap/IOOS_SixMin_Verified_Water_Level.csv?STATION_ID,DATUM,BEGIN_DATE,END_DATE,time,WL_VALUE,F,R,T,I&STATION_ID=%228539094%22&DATUM=%22MLLW%22&BEGIN_DATE=%2220241201%22&END_DATE=%2220241231%22"
coops_verified_flat_qc_ldp,NOAA CO-OPS verified six-minute water level,8539094,"Burlington, Delaware River",NJ,8539094_2025_01,2025,1,4.0,1,privsaf_hmm_scan,k_ary_randomized_response,24,previous_month_nonflat_rows_else_same_month_nonflat,verified_six_minute_F_flat_tolerance_flag_equals_1,7440,7440,3131,0.42083333333333334,-0.22244,2.515,0.4969583394081553,0.4180576118269522,0.04918556371766209,0.41392526349409137,0.1626651539991144,"https://opendap.co-ops.nos.noaa.gov/erddap/tabledap/IOOS_SixMin_Verified_Water_Level.csv?STATION_ID,DATUM,BEGIN_DATE,END_DATE,time,WL_VALUE,F,R,T,I&STATION_ID=%228539094%22&DATUM=%22MLLW%22&BEGIN_DATE=%2220250101%22&END_DATE=%2220250131%22","https://opendap.co-ops.nos.noaa.gov/erddap/tabledap/IOOS_SixMin_Verified_Water_Level.csv?STATION_ID,DATUM,BEGIN_DATE,END_DATE,time,WL_VALUE,F,R,T,I&STATION_ID=%228539094%22&DATUM=%22MLLW%22&BEGIN_DATE=%2220241201%22&END_DATE=%2220241231%22"
coops_verified_flat_qc_ldp,NOAA CO-OPS verified six-minute water level,8539094,"Burlington, Delaware River",NJ,8539094_2025_02,2025,2,2.0,0,report_frequency,k_ary_randomized_response,24,previous_month_nonflat_rows_else_same_month_nonflat,verified_six_minute_F_flat_tolerance_flag_equals_1,4309,6720,810,0.12053571428571429,-0.41991999999999996,2.64076,0.52641870861273,0.12869778061594808,0.04814814814814815,0.1469135802469136,0.0003347099991515279,"https://opendap.co-ops.nos.noaa.gov/erddap/tabledap/IOOS_SixMin_Verified_Water_Level.csv?STATION_ID,DATUM,BEGIN_DATE,END_DATE,time,WL_VALUE,F,R,T,I&STATION_ID=%228539094%22&DATUM=%22MLLW%22&BEGIN_DATE=%2220250201%22&END_DATE=%2220250228%22","https://opendap.co-ops.nos.noaa.gov/erddap/tabledap/IOOS_SixMin_Verified_Water_Level.csv?STATION_ID,DATUM,BEGIN_DATE,END_DATE,time,WL_VALUE,F,R,T,I&STATION_ID=%228539094%22&DATUM=%22MLLW%22&BEGIN_DATE=%2220250101%22&END_DATE=%2220250131%22"
coops_verified_flat_qc_ldp,NOAA CO-OPS verified six-minute water level,8539094,"Burlington, Delaware River",NJ,8539094_2025_02,2025,2,2.0,0,channel_point_glr,k_ary_randomized_response,24,previous_month_nonflat_rows_else_same_month_nonflat,verified_six_minute_F_flat_tolerance_flag_equals_1,4309,6720,810,0.12053571428571429,-0.41991999999999996,2.64076,0.5160484426897286,0.12424657136905895,0.044444444444444446,0.1111111111111111,0.006767070997739211,"https://opendap.co-ops.nos.noaa.gov/erddap/tabledap/IOOS_SixMin_Verified_Water_Level.csv?STATION_ID,DATUM,BEGIN_DATE,END_DATE,time,WL_VALUE,F,R,T,I&STATION_ID=%228539094%22&DATUM=%22MLLW%22&BEGIN_DATE=%2220250201%22&END_DATE=%2220250228%22","https://opendap.co-ops.nos.noaa.gov/erddap/tabledap/IOOS_SixMin_Verified_Water_Level.csv?STATION_ID,DATUM,BEGIN_DATE,END_DATE,time,WL_VALUE,F,R,T,I&STATION_ID=%228539094%22&DATUM=%22MLLW%22&BEGIN_DATE=%2220250101%22&END_DATE=%2220250131%22"
coops_verified_flat_qc_ldp,NOAA CO-OPS verified six-minute water level,8539094,"Burlington, Delaware River",NJ,8539094_2025_02,2025,2,2.0,0,channel_window_glr_5,k_ary_randomized_response,24,previous_month_nonflat_rows_else_same_month_nonflat,verified_six_minute_F_flat_tolerance_flag_equals_1,4309,6720,810,0.12053571428571429,-0.41991999999999996,2.64076,0.5171198638006309,0.13350667405150152,0.0728395061728395,0.13580246913580246,0.006742794008459896,"https://opendap.co-ops.nos.noaa.gov/erddap/tabledap/IOOS_SixMin_Verified_Water_Level.csv?STATION_ID,DATUM,BEGIN_DATE,END_DATE,time,WL_VALUE,F,R,T,I&STATION_ID=%228539094%22&DATUM=%22MLLW%22&BEGIN_DATE=%2220250201%22&END_DATE=%2220250228%22","https://opendap.co-ops.nos.noaa.gov/erddap/tabledap/IOOS_SixMin_Verified_Water_Level.csv?STATION_ID,DATUM,BEGIN_DATE,END_DATE,time,WL_VALUE,F,R,T,I&STATION_ID=%228539094%22&DATUM=%22MLLW%22&BEGIN_DATE=%2220250101%22&END_DATE=%2220250131%22"
coops_verified_flat_qc_ldp,NOAA CO-OPS verified six-minute water level,8539094,"Burlington, Delaware River",NJ,8539094_2025_02,2025,2,2.0,0,privsaf_hmm_scan,k_ary_randomized_response,24,previous_month_nonflat_rows_else_same_month_nonflat,verified_six_minute_F_flat_tolerance_flag_equals_1,4309,6720,810,0.12053571428571429,-0.41991999999999996,2.64076,0.4835549706502893,0.11407775818100156,0.03209876543209877,0.10740740740740741,0.14655032398877665,"https://opendap.co-ops.nos.noaa.gov/erddap/tabledap/IOOS_SixMin_Verified_Water_Level.csv?STATION_ID,DATUM,BEGIN_DATE,END_DATE,time,WL_VALUE,F,R,T,I&STATION_ID=%228539094%22&DATUM=%22MLLW%22&BEGIN_DATE=%2220250201%22&END_DATE=%2220250228%22","https://opendap.co-ops.nos.noaa.gov/erddap/tabledap/IOOS_SixMin_Verified_Water_Level.csv?STATION_ID,DATUM,BEGIN_DATE,END_DATE,time,WL_VALUE,F,R,T,I&STATION_ID=%228539094%22&DATUM=%22MLLW%22&BEGIN_DATE=%2220250101%22&END_DATE=%2220250131%22"
coops_verified_flat_qc_ldp,NOAA CO-OPS verified six-minute water level,8539094,"Burlington, Delaware River",NJ,8539094_2025_02,2025,2,2.0,1,report_frequency,k_ary_randomized_response,24,previous_month_nonflat_rows_else_same_month_nonflat,verified_six_minute_F_flat_tolerance_flag_equals_1,4309,6720,810,0.12053571428571429,-0.41991999999999996,2.64076,0.510421758475904,0.1238894016139008,0.04814814814814815,0.15432098765432098,0.00021567201474681497,"https://opendap.co-ops.nos.noaa.gov/erddap/tabledap/IOOS_SixMin_Verified_Water_Level.csv?STATION_ID,DATUM,BEGIN_DATE,END_DATE,time,WL_VALUE,F,R,T,I&STATION_ID=%228539094%22&DATUM=%22MLLW%22&BEGIN_DATE=%2220250201%22&END_DATE=%2220250228%22","https://opendap.co-ops.nos.noaa.gov/erddap/tabledap/IOOS_SixMin_Verified_Water_Level.csv?STATION_ID,DATUM,BEGIN_DATE,END_DATE,time,WL_VALUE,F,R,T,I&STATION_ID=%228539094%22&DATUM=%22MLLW%22&BEGIN_DATE=%2220250101%22&END_DATE=%2220250131%22"
coops_verified_flat_qc_ldp,NOAA CO-OPS verified six-minute water level,8539094,"Burlington, Delaware River",NJ,8539094_2025_02,2025,2,2.0,1,channel_point_glr,k_ary_randomized_response,24,previous_month_nonflat_rows_else_same_month_nonflat,verified_six_minute_F_flat_tolerance_flag_equals_1,4309,6720,810,0.12053571428571429,-0.41991999999999996,2.64076,0.533434647281235,0.12838887072423863,0.044444444444444446,0.1111111111111111,0.00690251198830083,"https://opendap.co-ops.nos.noaa.gov/erddap/tabledap/IOOS_SixMin_Verified_Water_Level.csv?STATION_ID,DATUM,BEGIN_DATE,END_DATE,time,WL_VALUE,F,R,T,I&STATION_ID=%228539094%22&DATUM=%22MLLW%22&BEGIN_DATE=%2220250201%22&END_DATE=%2220250228%22","https://opendap.co-ops.nos.noaa.gov/erddap/tabledap/IOOS_SixMin_Verified_Water_Level.csv?STATION_ID,DATUM,BEGIN_DATE,END_DATE,time,WL_VALUE,F,R,T,I&STATION_ID=%228539094%22&DATUM=%22MLLW%22&BEGIN_DATE=%2220250101%22&END_DATE=%2220250131%22"
coops_verified_flat_qc_ldp,NOAA CO-OPS verified six-minute water level,8539094,"Burlington, Delaware River",NJ,8539094_2025_02,2025,2,2.0,1,channel_window_glr_5,k_ary_randomized_response,24,previous_month_nonflat_rows_else_same_month_nonflat,verified_six_minute_F_flat_tolerance_flag_equals_1,4309,6720,810,0.12053571428571429,-0.41991999999999996,2.64076,0.5533384512544129,0.14434436934837425,0.08888888888888889,0.16666666666666666,0.007191153010353446,"https://opendap.co-ops.nos.noaa.gov/erddap/tabledap/IOOS_SixMin_Verified_Water_Level.csv?STATION_ID,DATUM,BEGIN_DATE,END_DATE,time,WL_VALUE,F,R,T,I&STATION_ID=%228539094%22&DATUM=%22MLLW%22&BEGIN_DATE=%2220250201%22&END_DATE=%2220250228%22","https://opendap.co-ops.nos.noaa.gov/erddap/tabledap/IOOS_SixMin_Verified_Water_Level.csv?STATION_ID,DATUM,BEGIN_DATE,END_DATE,time,WL_VALUE,F,R,T,I&STATION_ID=%228539094%22&DATUM=%22MLLW%22&BEGIN_DATE=%2220250101%22&END_DATE=%2220250131%22"
coops_verified_flat_qc_ldp,NOAA CO-OPS verified six-minute water level,8539094,"Burlington, Delaware River",NJ,8539094_2025_02,2025,2,2.0,1,privsaf_hmm_scan,k_ary_randomized_response,24,previous_month_nonflat_rows_else_same_month_nonflat,verified_six_minute_F_flat_tolerance_flag_equals_1,4309,6720,810,0.12053571428571429,-0.41991999999999996,2.64076,0.5086802030456853,0.12561767209757163,0.04938271604938271,0.12345679012345678,0.14616100600687787,"https://opendap.co-ops.nos.noaa.gov/erddap/tabledap/IOOS_SixMin_Verified_Water_Level.csv?STATION_ID,DATUM,BEGIN_DATE,END_DATE,time,WL_VALUE,F,R,T,I&STATION_ID=%228539094%22&DATUM=%22MLLW%22&BEGIN_DATE=%2220250201%22&END_DATE=%2220250228%22","https://opendap.co-ops.nos.noaa.gov/erddap/tabledap/IOOS_SixMin_Verified_Water_Level.csv?STATION_ID,DATUM,BEGIN_DATE,END_DATE,time,WL_VALUE,F,R,T,I&STATION_ID=%228539094%22&DATUM=%22MLLW%22&BEGIN_DATE=%2220250101%22&END_DATE=%2220250131%22"
coops_verified_flat_qc_ldp,NOAA CO-OPS verified six-minute water level,8539094,"Burlington, Delaware River",NJ,8539094_2025_02,2025,2,4.0,0,report_frequency,k_ary_randomized_response,24,previous_month_nonflat_rows_else_same_month_nonflat,verified_six_minute_F_flat_tolerance_flag_equals_1,4309,6720,810,0.12053571428571429,-0.41991999999999996,2.64076,0.5663067410331933,0.13616233270947053,0.020987654320987655,0.14938271604938272,0.00023111599148251116,"https://opendap.co-ops.nos.noaa.gov/erddap/tabledap/IOOS_SixMin_Verified_Water_Level.csv?STATION_ID,DATUM,BEGIN_DATE,END_DATE,time,WL_VALUE,F,R,T,I&STATION_ID=%228539094%22&DATUM=%22MLLW%22&BEGIN_DATE=%2220250201%22&END_DATE=%2220250228%22","https://opendap.co-ops.nos.noaa.gov/erddap/tabledap/IOOS_SixMin_Verified_Water_Level.csv?STATION_ID,DATUM,BEGIN_DATE,END_DATE,time,WL_VALUE,F,R,T,I&STATION_ID=%228539094%22&DATUM=%22MLLW%22&BEGIN_DATE=%2220250101%22&END_DATE=%2220250131%22"
coops_verified_flat_qc_ldp,NOAA CO-OPS verified six-minute water level,8539094,"Burlington, Delaware River",NJ,8539094_2025_02,2025,2,4.0,0,channel_point_glr,k_ary_randomized_response,24,previous_month_nonflat_rows_else_same_month_nonflat,verified_six_minute_F_flat_tolerance_flag_equals_1,4309,6720,810,0.12053571428571429,-0.41991999999999996,2.64076,0.5588372918886173,0.1331118430666351,0.020987654320987655,0.1419753086419753,0.006877259002067149,"https://opendap.co-ops.nos.noaa.gov/erddap/tabledap/IOOS_SixMin_Verified_Water_Level.csv?STATION_ID,DATUM,BEGIN_DATE,END_DATE,time,WL_VALUE,F,R,T,I&STATION_ID=%228539094%22&DATUM=%22MLLW%22&BEGIN_DATE=%2220250201%22&END_DATE=%2220250228%22","https://opendap.co-ops.nos.noaa.gov/erddap/tabledap/IOOS_SixMin_Verified_Water_Level.csv?STATION_ID,DATUM,BEGIN_DATE,END_DATE,time,WL_VALUE,F,R,T,I&STATION_ID=%228539094%22&DATUM=%22MLLW%22&BEGIN_DATE=%2220250101%22&END_DATE=%2220250131%22"
coops_verified_flat_qc_ldp,NOAA CO-OPS verified six-minute water level,8539094,"Burlington, Delaware River",NJ,8539094_2025_02,2025,2,4.0,0,channel_window_glr_5,k_ary_randomized_response,24,previous_month_nonflat_rows_else_same_month_nonflat,verified_six_minute_F_flat_tolerance_flag_equals_1,4309,6720,810,0.12053571428571429,-0.41991999999999996,2.64076,0.5646832111299116,0.14448372554948652,0.0962962962962963,0.1654320987654321,0.0072212320228572935,"https://opendap.co-ops.nos.noaa.gov/erddap/tabledap/IOOS_SixMin_Verified_Water_Level.csv?STATION_ID,DATUM,BEGIN_DATE,END_DATE,time,WL_VALUE,F,R,T,I&STATION_ID=%228539094%22&DATUM=%22MLLW%22&BEGIN_DATE=%2220250201%22&END_DATE=%2220250228%22","https://opendap.co-ops.nos.noaa.gov/erddap/tabledap/IOOS_SixMin_Verified_Water_Level.csv?STATION_ID,DATUM,BEGIN_DATE,END_DATE,time,WL_VALUE,F,R,T,I&STATION_ID=%228539094%22&DATUM=%22MLLW%22&BEGIN_DATE=%2220250101%22&END_DATE=%2220250131%22"
coops_verified_flat_qc_ldp,NOAA CO-OPS verified six-minute water level,8539094,"Burlington, Delaware River",NJ,8539094_2025_02,2025,2,4.0,0,privsaf_hmm_scan,k_ary_randomized_response,24,previous_month_nonflat_rows_else_same_month_nonflat,verified_six_minute_F_flat_tolerance_flag_equals_1,4309,6720,810,0.12053571428571429,-0.41991999999999996,2.64076,0.5188078377305676,0.13794910223031362,0.0728395061728395,0.13703703703703704,0.14700857098796405,"https://opendap.co-ops.nos.noaa.gov/erddap/tabledap/IOOS_SixMin_Verified_Water_Level.csv?STATION_ID,DATUM,BEGIN_DATE,END_DATE,time,WL_VALUE,F,R,T,I&STATION_ID=%228539094%22&DATUM=%22MLLW%22&BEGIN_DATE=%2220250201%22&END_DATE=%2220250228%22","https://opendap.co-ops.nos.noaa.gov/erddap/tabledap/IOOS_SixMin_Verified_Water_Level.csv?STATION_ID,DATUM,BEGIN_DATE,END_DATE,time,WL_VALUE,F,R,T,I&STATION_ID=%228539094%22&DATUM=%22MLLW%22&BEGIN_DATE=%2220250101%22&END_DATE=%2220250131%22"
coops_verified_flat_qc_ldp,NOAA CO-OPS verified six-minute water level,8539094,"Burlington, Delaware River",NJ,8539094_2025_02,2025,2,4.0,1,report_frequency,k_ary_randomized_response,24,previous_month_nonflat_rows_else_same_month_nonflat,verified_six_minute_F_flat_tolerance_flag_equals_1,4309,6720,810,0.12053571428571429,-0.41991999999999996,2.64076,0.5347397171565248,0.13010765904359442,0.06419753086419754,0.14320987654320988,0.00023633500677533448,"https://opendap.co-ops.nos.noaa.gov/erddap/tabledap/IOOS_SixMin_Verified_Water_Level.csv?STATION_ID,DATUM,BEGIN_DATE,END_DATE,time,WL_VALUE,F,R,T,I&STATION_ID=%228539094%22&DATUM=%22MLLW%22&BEGIN_DATE=%2220250201%22&END_DATE=%2220250228%22","https://opendap.co-ops.nos.noaa.gov/erddap/tabledap/IOOS_SixMin_Verified_Water_Level.csv?STATION_ID,DATUM,BEGIN_DATE,END_DATE,time,WL_VALUE,F,R,T,I&STATION_ID=%228539094%22&DATUM=%22MLLW%22&BEGIN_DATE=%2220250101%22&END_DATE=%2220250131%22"
coops_verified_flat_qc_ldp,NOAA CO-OPS verified six-minute water level,8539094,"Burlington, Delaware River",NJ,8539094_2025_02,2025,2,4.0,1,channel_point_glr,k_ary_randomized_response,24,previous_month_nonflat_rows_else_same_month_nonflat,verified_six_minute_F_flat_tolerance_flag_equals_1,4309,6720,810,0.12053571428571429,-0.41991999999999996,2.64076,0.5541293267322596,0.1328180398178535,0.030864197530864196,0.14320987654320988,0.00677030099905096,"https://opendap.co-ops.nos.noaa.gov/erddap/tabledap/IOOS_SixMin_Verified_Water_Level.csv?STATION_ID,DATUM,BEGIN_DATE,END_DATE,time,WL_VALUE,F,R,T,I&STATION_ID=%228539094%22&DATUM=%22MLLW%22&BEGIN_DATE=%2220250201%22&END_DATE=%2220250228%22","https://opendap.co-ops.nos.noaa.gov/erddap/tabledap/IOOS_SixMin_Verified_Water_Level.csv?STATION_ID,DATUM,BEGIN_DATE,END_DATE,time,WL_VALUE,F,R,T,I&STATION_ID=%228539094%22&DATUM=%22MLLW%22&BEGIN_DATE=%2220250101%22&END_DATE=%2220250131%22"
coops_verified_flat_qc_ldp,NOAA CO-OPS verified six-minute water level,8539094,"Burlington, Delaware River",NJ,8539094_2025_02,2025,2,4.0,1,channel_window_glr_5,k_ary_randomized_response,24,previous_month_nonflat_rows_else_same_month_nonflat,verified_six_minute_F_flat_tolerance_flag_equals_1,4309,6720,810,0.12053571428571429,-0.41991999999999996,2.64076,0.5655810407135844,0.14106846291400477,0.07407407407407407,0.14814814814814814,0.007081085990648717,"https://opendap.co-ops.nos.noaa.gov/erddap/tabledap/IOOS_SixMin_Verified_Water_Level.csv?STATION_ID,DATUM,BEGIN_DATE,END_DATE,time,WL_VALUE,F,R,T,I&STATION_ID=%228539094%22&DATUM=%22MLLW%22&BEGIN_DATE=%2220250201%22&END_DATE=%2220250228%22","https://opendap.co-ops.nos.noaa.gov/erddap/tabledap/IOOS_SixMin_Verified_Water_Level.csv?STATION_ID,DATUM,BEGIN_DATE,END_DATE,time,WL_VALUE,F,R,T,I&STATION_ID=%228539094%22&DATUM=%22MLLW%22&BEGIN_DATE=%2220250101%22&END_DATE=%2220250131%22"
coops_verified_flat_qc_ldp,NOAA CO-OPS verified six-minute water level,8539094,"Burlington, Delaware River",NJ,8539094_2025_02,2025,2,4.0,1,privsaf_hmm_scan,k_ary_randomized_response,24,previous_month_nonflat_rows_else_same_month_nonflat,verified_six_minute_F_flat_tolerance_flag_equals_1,4309,6720,810,0.12053571428571429,-0.41991999999999996,2.64076,0.4776543209876543,0.11199851430539161,0.03333333333333333,0.10123456790123457,0.146236141998088,"https://opendap.co-ops.nos.noaa.gov/erddap/tabledap/IOOS_SixMin_Verified_Water_Level.csv?STATION_ID,DATUM,BEGIN_DATE,END_DATE,time,WL_VALUE,F,R,T,I&STATION_ID=%228539094%22&DATUM=%22MLLW%22&BEGIN_DATE=%2220250201%22&END_DATE=%2220250228%22","https://opendap.co-ops.nos.noaa.gov/erddap/tabledap/IOOS_SixMin_Verified_Water_Level.csv?STATION_ID,DATUM,BEGIN_DATE,END_DATE,time,WL_VALUE,F,R,T,I&STATION_ID=%228539094%22&DATUM=%22MLLW%22&BEGIN_DATE=%2220250101%22&END_DATE=%2220250131%22"
coops_verified_flat_qc_ldp,NOAA CO-OPS verified six-minute water level,8772985,Sargent,TX,8772985_2025_01,2025,1,2.0,0,report_frequency,k_ary_randomized_response,24,previous_month_nonflat_rows_else_same_month_nonflat,verified_six_minute_F_flat_tolerance_flag_equals_1,7440,7440,140,0.01881720430107527,-0.241,0.475,0.4515547945205479,0.016081497038742506,0.03571428571428571,0.0,0.0002814809849951416,"https://opendap.co-ops.nos.noaa.gov/erddap/tabledap/IOOS_SixMin_Verified_Water_Level.csv?STATION_ID,DATUM,BEGIN_DATE,END_DATE,time,WL_VALUE,F,R,T,I&STATION_ID=%228772985%22&DATUM=%22MLLW%22&BEGIN_DATE=%2220250101%22&END_DATE=%2220250131%22","https://opendap.co-ops.nos.noaa.gov/erddap/tabledap/IOOS_SixMin_Verified_Water_Level.csv?STATION_ID,DATUM,BEGIN_DATE,END_DATE,time,WL_VALUE,F,R,T,I&STATION_ID=%228772985%22&DATUM=%22MLLW%22&BEGIN_DATE=%2220241201%22&END_DATE=%2220241231%22"
coops_verified_flat_qc_ldp,NOAA CO-OPS verified six-minute water level,8772985,Sargent,TX,8772985_2025_01,2025,1,2.0,0,channel_point_glr,k_ary_randomized_response,24,previous_month_nonflat_rows_else_same_month_nonflat,verified_six_minute_F_flat_tolerance_flag_equals_1,7440,7440,140,0.01881720430107527,-0.241,0.475,0.4498145792563601,0.01594564849265818,0.0,0.0,0.007526321976911277,"https://opendap.co-ops.nos.noaa.gov/erddap/tabledap/IOOS_SixMin_Verified_Water_Level.csv?STATION_ID,DATUM,BEGIN_DATE,END_DATE,time,WL_VALUE,F,R,T,I&STATION_ID=%228772985%22&DATUM=%22MLLW%22&BEGIN_DATE=%2220250101%22&END_DATE=%2220250131%22","https://opendap.co-ops.nos.noaa.gov/erddap/tabledap/IOOS_SixMin_Verified_Water_Level.csv?STATION_ID,DATUM,BEGIN_DATE,END_DATE,time,WL_VALUE,F,R,T,I&STATION_ID=%228772985%22&DATUM=%22MLLW%22&BEGIN_DATE=%2220241201%22&END_DATE=%2220241231%22"
coops_verified_flat_qc_ldp,NOAA CO-OPS verified six-minute water level,8772985,Sargent,TX,8772985_2025_01,2025,1,2.0,0,channel_window_glr_5,k_ary_randomized_response,24,previous_month_nonflat_rows_else_same_month_nonflat,verified_six_minute_F_flat_tolerance_flag_equals_1,7440,7440,140,0.01881720430107527,-0.241,0.475,0.397179060665362,0.014341429588894436,0.0,0.0,0.007958452973980457,"https://opendap.co-ops.nos.noaa.gov/erddap/tabledap/IOOS_SixMin_Verified_Water_Level.csv?STATION_ID,DATUM,BEGIN_DATE,END_DATE,time,WL_VALUE,F,R,T,I&STATION_ID=%228772985%22&DATUM=%22MLLW%22&BEGIN_DATE=%2220250101%22&END_DATE=%2220250131%22","https://opendap.co-ops.nos.noaa.gov/erddap/tabledap/IOOS_SixMin_Verified_Water_Level.csv?STATION_ID,DATUM,BEGIN_DATE,END_DATE,time,WL_VALUE,F,R,T,I&STATION_ID=%228772985%22&DATUM=%22MLLW%22&BEGIN_DATE=%2220241201%22&END_DATE=%2220241231%22"
coops_verified_flat_qc_ldp,NOAA CO-OPS verified six-minute water level,8772985,Sargent,TX,8772985_2025_01,2025,1,2.0,0,privsaf_hmm_scan,k_ary_randomized_response,24,previous_month_nonflat_rows_else_same_month_nonflat,verified_six_minute_F_flat_tolerance_flag_equals_1,7440,7440,140,0.01881720430107527,-0.241,0.475,0.4621829745596869,0.01788892176191159,0.07142857142857142,0.007142857142857143,0.16057970901601948,"https://opendap.co-ops.nos.noaa.gov/erddap/tabledap/IOOS_SixMin_Verified_Water_Level.csv?STATION_ID,DATUM,BEGIN_DATE,END_DATE,time,WL_VALUE,F,R,T,I&STATION_ID=%228772985%22&DATUM=%22MLLW%22&BEGIN_DATE=%2220250101%22&END_DATE=%2220250131%22","https://opendap.co-ops.nos.noaa.gov/erddap/tabledap/IOOS_SixMin_Verified_Water_Level.csv?STATION_ID,DATUM,BEGIN_DATE,END_DATE,time,WL_VALUE,F,R,T,I&STATION_ID=%228772985%22&DATUM=%22MLLW%22&BEGIN_DATE=%2220241201%22&END_DATE=%2220241231%22"
coops_verified_flat_qc_ldp,NOAA CO-OPS verified six-minute water level,8772985,Sargent,TX,8772985_2025_01,2025,1,2.0,1,report_frequency,k_ary_randomized_response,24,previous_month_nonflat_rows_else_same_month_nonflat,verified_six_minute_F_flat_tolerance_flag_equals_1,7440,7440,140,0.01881720430107527,-0.241,0.475,0.44007045009784734,0.015432434163025657,0.03571428571428571,0.0,0.00029672999517060816,"https://opendap.co-ops.nos.noaa.gov/erddap/tabledap/IOOS_SixMin_Verified_Water_Level.csv?STATION_ID,DATUM,BEGIN_DATE,END_DATE,time,WL_VALUE,F,R,T,I&STATION_ID=%228772985%22&DATUM=%22MLLW%22&BEGIN_DATE=%2220250101%22&END_DATE=%2220250131%22","https://opendap.co-ops.nos.noaa.gov/erddap/tabledap/IOOS_SixMin_Verified_Water_Level.csv?STATION_ID,DATUM,BEGIN_DATE,END_DATE,time,WL_VALUE,F,R,T,I&STATION_ID=%228772985%22&DATUM=%22MLLW%22&BEGIN_DATE=%2220241201%22&END_DATE=%2220241231%22"
coops_verified_flat_qc_ldp,NOAA CO-OPS verified six-minute water level,8772985,Sargent,TX,8772985_2025_01,2025,1,2.0,1,channel_point_glr,k_ary_randomized_response,24,previous_month_nonflat_rows_else_same_month_nonflat,verified_six_minute_F_flat_tolerance_flag_equals_1,7440,7440,140,0.01881720430107527,-0.241,0.475,0.44837769080234835,0.01586186889112776,0.0,0.0,0.0074664580170065165,"https://opendap.co-ops.nos.noaa.gov/erddap/tabledap/IOOS_SixMin_Verified_Water_Level.csv?STATION_ID,DATUM,BEGIN_DATE,END_DATE,time,WL_VALUE,F,R,T,I&STATION_ID=%228772985%22&DATUM=%22MLLW%22&BEGIN_DATE=%2220250101%22&END_DATE=%2220250131%22","https://opendap.co-ops.nos.noaa.gov/erddap/tabledap/IOOS_SixMin_Verified_Water_Level.csv?STATION_ID,DATUM,BEGIN_DATE,END_DATE,time,WL_VALUE,F,R,T,I&STATION_ID=%228772985%22&DATUM=%22MLLW%22&BEGIN_DATE=%2220241201%22&END_DATE=%2220241231%22"
coops_verified_flat_qc_ldp,NOAA CO-OPS verified six-minute water level,8772985,Sargent,TX,8772985_2025_01,2025,1,2.0,1,channel_window_glr_5,k_ary_randomized_response,24,previous_month_nonflat_rows_else_same_month_nonflat,verified_six_minute_F_flat_tolerance_flag_equals_1,7440,7440,140,0.01881720430107527,-0.241,0.475,0.45863796477495106,0.018654730152562787,0.04285714285714286,0.02857142857142857,0.007892041001468897,"https://opendap.co-ops.nos.noaa.gov/erddap/tabledap/IOOS_SixMin_Verified_Water_Level.csv?STATION_ID,DATUM,BEGIN_DATE,END_DATE,time,WL_VALUE,F,R,T,I&STATION_ID=%228772985%22&DATUM=%22MLLW%22&BEGIN_DATE=%2220250101%22&END_DATE=%2220250131%22","https://opendap.co-ops.nos.noaa.gov/erddap/tabledap/IOOS_SixMin_Verified_Water_Level.csv?STATION_ID,DATUM,BEGIN_DATE,END_DATE,time,WL_VALUE,F,R,T,I&STATION_ID=%228772985%22&DATUM=%22MLLW%22&BEGIN_DATE=%2220241201%22&END_DATE=%2220241231%22"
coops_verified_flat_qc_ldp,NOAA CO-OPS verified six-minute water level,8772985,Sargent,TX,8772985_2025_01,2025,1,2.0,1,privsaf_hmm_scan,k_ary_randomized_response,24,previous_month_nonflat_rows_else_same_month_nonflat,verified_six_minute_F_flat_tolerance_flag_equals_1,7440,7440,140,0.01881720430107527,-0.241,0.475,0.5693708414872798,0.02170590506236918,0.03571428571428571,0.0,0.16180343201267533,"https://opendap.co-ops.nos.noaa.gov/erddap/tabledap/IOOS_SixMin_Verified_Water_Level.csv?STATION_ID,DATUM,BEGIN_DATE,END_DATE,time,WL_VALUE,F,R,T,I&STATION_ID=%228772985%22&DATUM=%22MLLW%22&BEGIN_DATE=%2220250101%22&END_DATE=%2220250131%22","https://opendap.co-ops.nos.noaa.gov/erddap/tabledap/IOOS_SixMin_Verified_Water_Level.csv?STATION_ID,DATUM,BEGIN_DATE,END_DATE,time,WL_VALUE,F,R,T,I&STATION_ID=%228772985%22&DATUM=%22MLLW%22&BEGIN_DATE=%2220241201%22&END_DATE=%2220241231%22"
coops_verified_flat_qc_ldp,NOAA CO-OPS verified six-minute water level,8772985,Sargent,TX,8772985_2025_01,2025,1,4.0,0,report_frequency,k_ary_randomized_response,24,previous_month_nonflat_rows_else_same_month_nonflat,verified_six_minute_F_flat_tolerance_flag_equals_1,7440,7440,140,0.01881720430107527,-0.241,0.475,0.3227411937377691,0.012236208528622963,0.007142857142857143,0.0,0.00028367299819365144,"https://opendap.co-ops.nos.noaa.gov/erddap/tabledap/IOOS_SixMin_Verified_Water_Level.csv?STATION_ID,DATUM,BEGIN_DATE,END_DATE,time,WL_VALUE,F,R,T,I&STATION_ID=%228772985%22&DATUM=%22MLLW%22&BEGIN_DATE=%2220250101%22&END_DATE=%2220250131%22","https://opendap.co-ops.nos.noaa.gov/erddap/tabledap/IOOS_SixMin_Verified_Water_Level.csv?STATION_ID,DATUM,BEGIN_DATE,END_DATE,time,WL_VALUE,F,R,T,I&STATION_ID=%228772985%22&DATUM=%22MLLW%22&BEGIN_DATE=%2220241201%22&END_DATE=%2220241231%22"
coops_verified_flat_qc_ldp,NOAA CO-OPS verified six-minute water level,8772985,Sargent,TX,8772985_2025_01,2025,1,4.0,0,channel_point_glr,k_ary_randomized_response,24,previous_month_nonflat_rows_else_same_month_nonflat,verified_six_minute_F_flat_tolerance_flag_equals_1,7440,7440,140,0.01881720430107527,-0.241,0.475,0.3237632093933464,0.012195475192028932,0.0,0.0,0.007557632983662188,"https://opendap.co-ops.nos.noaa.gov/erddap/tabledap/IOOS_SixMin_Verified_Water_Level.csv?STATION_ID,DATUM,BEGIN_DATE,END_DATE,time,WL_VALUE,F,R,T,I&STATION_ID=%228772985%22&DATUM=%22MLLW%22&BEGIN_DATE=%2220250101%22&END_DATE=%2220250131%22","https://opendap.co-ops.nos.noaa.gov/erddap/tabledap/IOOS_SixMin_Verified_Water_Level.csv?STATION_ID,DATUM,BEGIN_DATE,END_DATE,time,WL_VALUE,F,R,T,I&STATION_ID=%228772985%22&DATUM=%22MLLW%22&BEGIN_DATE=%2220241201%22&END_DATE=%2220241231%22"
coops_verified_flat_qc_ldp,NOAA CO-OPS verified six-minute water level,8772985,Sargent,TX,8772985_2025_01,2025,1,4.0,0,channel_window_glr_5,k_ary_randomized_response,24,previous_month_nonflat_rows_else_same_month_nonflat,verified_six_minute_F_flat_tolerance_flag_equals_1,7440,7440,140,0.01881720430107527,-0.241,0.475,0.28067172211350294,0.011887948880406606,0.0,0.0,0.007926675985800102,"https://opendap.co-ops.nos.noaa.gov/erddap/tabledap/IOOS_SixMin_Verified_Water_Level.csv?STATION_ID,DATUM,BEGIN_DATE,END_DATE,time,WL_VALUE,F,R,T,I&STATION_ID=%228772985%22&DATUM=%22MLLW%22&BEGIN_DATE=%2220250101%22&END_DATE=%2220250131%22","https://opendap.co-ops.nos.noaa.gov/erddap/tabledap/IOOS_SixMin_Verified_Water_Level.csv?STATION_ID,DATUM,BEGIN_DATE,END_DATE,time,WL_VALUE,F,R,T,I&STATION_ID=%228772985%22&DATUM=%22MLLW%22&BEGIN_DATE=%2220241201%22&END_DATE=%2220241231%22"
coops_verified_flat_qc_ldp,NOAA CO-OPS verified six-minute water level,8772985,Sargent,TX,8772985_2025_01,2025,1,4.0,0,privsaf_hmm_scan,k_ary_randomized_response,24,previous_month_nonflat_rows_else_same_month_nonflat,verified_six_minute_F_flat_tolerance_flag_equals_1,7440,7440,140,0.01881720430107527,-0.241,0.475,0.49432876712328766,0.0182858946992079,0.0,0.0,0.1613703299954068,"https://opendap.co-ops.nos.noaa.gov/erddap/tabledap/IOOS_SixMin_Verified_Water_Level.csv?STATION_ID,DATUM,BEGIN_DATE,END_DATE,time,WL_VALUE,F,R,T,I&STATION_ID=%228772985%22&DATUM=%22MLLW%22&BEGIN_DATE=%2220250101%22&END_DATE=%2220250131%22","https://opendap.co-ops.nos.noaa.gov/erddap/tabledap/IOOS_SixMin_Verified_Water_Level.csv?STATION_ID,DATUM,BEGIN_DATE,END_DATE,time,WL_VALUE,F,R,T,I&STATION_ID=%228772985%22&DATUM=%22MLLW%22&BEGIN_DATE=%2220241201%22&END_DATE=%2220241231%22"
coops_verified_flat_qc_ldp,NOAA CO-OPS verified six-minute water level,8772985,Sargent,TX,8772985_2025_01,2025,1,4.0,1,report_frequency,k_ary_randomized_response,24,previous_month_nonflat_rows_else_same_month_nonflat,verified_six_minute_F_flat_tolerance_flag_equals_1,7440,7440,140,0.01881720430107527,-0.241,0.475,0.33324119373776906,0.012403247279710332,0.014285714285714285,0.0,0.00029566301964223385,"https://opendap.co-ops.nos.noaa.gov/erddap/tabledap/IOOS_SixMin_Verified_Water_Level.csv?STATION_ID,DATUM,BEGIN_DATE,END_DATE,time,WL_VALUE,F,R,T,I&STATION_ID=%228772985%22&DATUM=%22MLLW%22&BEGIN_DATE=%2220250101%22&END_DATE=%2220250131%22","https://opendap.co-ops.nos.noaa.gov/erddap/tabledap/IOOS_SixMin_Verified_Water_Level.csv?STATION_ID,DATUM,BEGIN_DATE,END_DATE,time,WL_VALUE,F,R,T,I&STATION_ID=%228772985%22&DATUM=%22MLLW%22&BEGIN_DATE=%2220241201%22&END_DATE=%2220241231%22"
coops_verified_flat_qc_ldp,NOAA CO-OPS verified six-minute water level,8772985,Sargent,TX,8772985_2025_01,2025,1,4.0,1,channel_point_glr,k_ary_randomized_response,24,previous_month_nonflat_rows_else_same_month_nonflat,verified_six_minute_F_flat_tolerance_flag_equals_1,7440,7440,140,0.01881720430107527,-0.241,0.475,0.3278302348336595,0.012243920585570348,0.0,0.0,0.007564110972452909,"https://opendap.co-ops.nos.noaa.gov/erddap/tabledap/IOOS_SixMin_Verified_Water_Level.csv?STATION_ID,DATUM,BEGIN_DATE,END_DATE,time,WL_VALUE,F,R,T,I&STATION_ID=%228772985%22&DATUM=%22MLLW%22&BEGIN_DATE=%2220250101%22&END_DATE=%2220250131%22","https://opendap.co-ops.nos.noaa.gov/erddap/tabledap/IOOS_SixMin_Verified_Water_Level.csv?STATION_ID,DATUM,BEGIN_DATE,END_DATE,time,WL_VALUE,F,R,T,I&STATION_ID=%228772985%22&DATUM=%22MLLW%22&BEGIN_DATE=%2220241201%22&END_DATE=%2220241231%22"
coops_verified_flat_qc_ldp,NOAA CO-OPS verified six-minute water level,8772985,Sargent,TX,8772985_2025_01,2025,1,4.0,1,channel_window_glr_5,k_ary_randomized_response,24,previous_month_nonflat_rows_else_same_month_nonflat,verified_six_minute_F_flat_tolerance_flag_equals_1,7440,7440,140,0.01881720430107527,-0.241,0.475,0.2732299412915851,0.011850912920722654,0.0,0.0,0.008005168987438083,"https://opendap.co-ops.nos.noaa.gov/erddap/tabledap/IOOS_SixMin_Verified_Water_Level.csv?STATION_ID,DATUM,BEGIN_DATE,END_DATE,time,WL_VALUE,F,R,T,I&STATION_ID=%228772985%22&DATUM=%22MLLW%22&BEGIN_DATE=%2220250101%22&END_DATE=%2220250131%22","https://opendap.co-ops.nos.noaa.gov/erddap/tabledap/IOOS_SixMin_Verified_Water_Level.csv?STATION_ID,DATUM,BEGIN_DATE,END_DATE,time,WL_VALUE,F,R,T,I&STATION_ID=%228772985%22&DATUM=%22MLLW%22&BEGIN_DATE=%2220241201%22&END_DATE=%2220241231%22"
coops_verified_flat_qc_ldp,NOAA CO-OPS verified six-minute water level,8772985,Sargent,TX,8772985_2025_01,2025,1,4.0,1,privsaf_hmm_scan,k_ary_randomized_response,24,previous_month_nonflat_rows_else_same_month_nonflat,verified_six_minute_F_flat_tolerance_flag_equals_1,7440,7440,140,0.01881720430107527,-0.241,0.475,0.4798972602739726,0.017603565954545958,0.0,0.0,0.16221802699146792,"https://opendap.co-ops.nos.noaa.gov/erddap/tabledap/IOOS_SixMin_Verified_Water_Level.csv?STATION_ID,DATUM,BEGIN_DATE,END_DATE,time,WL_VALUE,F,R,T,I&STATION_ID=%228772985%22&DATUM=%22MLLW%22&BEGIN_DATE=%2220250101%22&END_DATE=%2220250131%22","https://opendap.co-ops.nos.noaa.gov/erddap/tabledap/IOOS_SixMin_Verified_Water_Level.csv?STATION_ID,DATUM,BEGIN_DATE,END_DATE,time,WL_VALUE,F,R,T,I&STATION_ID=%228772985%22&DATUM=%22MLLW%22&BEGIN_DATE=%2220241201%22&END_DATE=%2220241231%22"
coops_verified_flat_qc_ldp,NOAA CO-OPS verified six-minute water level,8539094,"Burlington, Delaware River",NJ,8539094_2023_12,2023,12,2.0,0,report_frequency,k_ary_randomized_response,24,previous_month_nonflat_rows_else_same_month_nonflat,verified_six_minute_F_flat_tolerance_flag_equals_1,7200,7440,52,0.006989247311827957,0.059979999999999985,2.63901,0.5263030486027237,0.007451617928109635,0.038461538461538464,0.0,0.0002654329873621464,"https://opendap.co-ops.nos.noaa.gov/erddap/tabledap/IOOS_SixMin_Verified_Water_Level.csv?STATION_ID,DATUM,BEGIN_DATE,END_DATE,time,WL_VALUE,F,R,T,I&STATION_ID=%228539094%22&DATUM=%22MLLW%22&BEGIN_DATE=%2220231201%22&END_DATE=%2220231231%22","https://opendap.co-ops.nos.noaa.gov/erddap/tabledap/IOOS_SixMin_Verified_Water_Level.csv?STATION_ID,DATUM,BEGIN_DATE,END_DATE,time,WL_VALUE,F,R,T,I&STATION_ID=%228539094%22&DATUM=%22MLLW%22&BEGIN_DATE=%2220231101%22&END_DATE=%2220231130%22"
coops_verified_flat_qc_ldp,NOAA CO-OPS verified six-minute water level,8539094,"Burlington, Delaware River",NJ,8539094_2023_12,2023,12,2.0,0,channel_point_glr,k_ary_randomized_response,24,previous_month_nonflat_rows_else_same_month_nonflat,verified_six_minute_F_flat_tolerance_flag_equals_1,7200,7440,52,0.006989247311827957,0.059979999999999985,2.63901,0.6237063221023698,0.009946655849930985,0.057692307692307696,0.0,0.007711844984441996,"https://opendap.co-ops.nos.noaa.gov/erddap/tabledap/IOOS_SixMin_Verified_Water_Level.csv?STATION_ID,DATUM,BEGIN_DATE,END_DATE,time,WL_VALUE,F,R,T,I&STATION_ID=%228539094%22&DATUM=%22MLLW%22&BEGIN_DATE=%2220231201%22&END_DATE=%2220231231%22","https://opendap.co-ops.nos.noaa.gov/erddap/tabledap/IOOS_SixMin_Verified_Water_Level.csv?STATION_ID,DATUM,BEGIN_DATE,END_DATE,time,WL_VALUE,F,R,T,I&STATION_ID=%228539094%22&DATUM=%22MLLW%22&BEGIN_DATE=%2220231101%22&END_DATE=%2220231130%22"
coops_verified_flat_qc_ldp,NOAA CO-OPS verified six-minute water level,8539094,"Burlington, Delaware River",NJ,8539094_2023_12,2023,12,2.0,0,channel_window_glr_5,k_ary_randomized_response,24,previous_month_nonflat_rows_else_same_month_nonflat,verified_six_minute_F_flat_tolerance_flag_equals_1,7200,7440,52,0.006989247311827957,0.059979999999999985,2.63901,0.7345825871475574,0.015266280665611118,0.038461538461538464,0.0,0.008908338990295306,"https://opendap.co-ops.nos.noaa.gov/erddap/tabledap/IOOS_SixMin_Verified_Water_Level.csv?STATION_ID,DATUM,BEGIN_DATE,END_DATE,time,WL_VALUE,F,R,T,I&STATION_ID=%228539094%22&DATUM=%22MLLW%22&BEGIN_DATE=%2220231201%22&END_DATE=%2220231231%22","https://opendap.co-ops.nos.noaa.gov/erddap/tabledap/IOOS_SixMin_Verified_Water_Level.csv?STATION_ID,DATUM,BEGIN_DATE,END_DATE,time,WL_VALUE,F,R,T,I&STATION_ID=%228539094%22&DATUM=%22MLLW%22&BEGIN_DATE=%2220231101%22&END_DATE=%2220231130%22"
coops_verified_flat_qc_ldp,NOAA CO-OPS verified six-minute water level,8539094,"Burlington, Delaware River",NJ,8539094_2023_12,2023,12,2.0,0,privsaf_hmm_scan,k_ary_randomized_response,24,previous_month_nonflat_rows_else_same_month_nonflat,verified_six_minute_F_flat_tolerance_flag_equals_1,7200,7440,52,0.006989247311827957,0.059979999999999985,2.63901,0.7549196201740869,0.03146637118500702,0.38461538461538464,0.0,0.16153740001027472,"https://opendap.co-ops.nos.noaa.gov/erddap/tabledap/IOOS_SixMin_Verified_Water_Level.csv?STATION_ID,DATUM,BEGIN_DATE,END_DATE,time,WL_VALUE,F,R,T,I&STATION_ID=%228539094%22&DATUM=%22MLLW%22&BEGIN_DATE=%2220231201%22&END_DATE=%2220231231%22","https://opendap.co-ops.nos.noaa.gov/erddap/tabledap/IOOS_SixMin_Verified_Water_Level.csv?STATION_ID,DATUM,BEGIN_DATE,END_DATE,time,WL_VALUE,F,R,T,I&STATION_ID=%228539094%22&DATUM=%22MLLW%22&BEGIN_DATE=%2220231101%22&END_DATE=%2220231130%22"
coops_verified_flat_qc_ldp,NOAA CO-OPS verified six-minute water level,8539094,"Burlington, Delaware River",NJ,8539094_2023_12,2023,12,2.0,1,report_frequency,k_ary_randomized_response,24,previous_month_nonflat_rows_else_same_month_nonflat,verified_six_minute_F_flat_tolerance_flag_equals_1,7200,7440,52,0.006989247311827957,0.059979999999999985,2.63901,0.5294539481904127,0.014612000322348212,0.21153846153846154,0.0,0.0003101909824181348,"https://opendap.co-ops.nos.noaa.gov/erddap/tabledap/IOOS_SixMin_Verified_Water_Level.csv?STATION_ID,DATUM,BEGIN_DATE,END_DATE,time,WL_VALUE,F,R,T,I&STATION_ID=%228539094%22&DATUM=%22MLLW%22&BEGIN_DATE=%2220231201%22&END_DATE=%2220231231%22","https://opendap.co-ops.nos.noaa.gov/erddap/tabledap/IOOS_SixMin_Verified_Water_Level.csv?STATION_ID,DATUM,BEGIN_DATE,END_DATE,time,WL_VALUE,F,R,T,I&STATION_ID=%228539094%22&DATUM=%22MLLW%22&BEGIN_DATE=%2220231101%22&END_DATE=%2220231130%22"
coops_verified_flat_qc_ldp,NOAA CO-OPS verified six-minute water level,8539094,"Burlington, Delaware River",NJ,8539094_2023_12,2023,12,2.0,1,channel_point_glr,k_ary_randomized_response,24,previous_month_nonflat_rows_else_same_month_nonflat,verified_six_minute_F_flat_tolerance_flag_equals_1,7200,7440,52,0.006989247311827957,0.059979999999999985,2.63901,0.5359887135063096,0.007608674308826131,0.0,0.0,0.007627518993103877,"https://opendap.co-ops.nos.noaa.gov/erddap/tabledap/IOOS_SixMin_Verified_Water_Level.csv?STATION_ID,DATUM,BEGIN_DATE,END_DATE,time,WL_VALUE,F,R,T,I&STATION_ID=%228539094%22&DATUM=%22MLLW%22&BEGIN_DATE=%2220231201%22&END_DATE=%2220231231%22","https://opendap.co-ops.nos.noaa.gov/erddap/tabledap/IOOS_SixMin_Verified_Water_Level.csv?STATION_ID,DATUM,BEGIN_DATE,END_DATE,time,WL_VALUE,F,R,T,I&STATION_ID=%228539094%22&DATUM=%22MLLW%22&BEGIN_DATE=%2220231101%22&END_DATE=%2220231130%22"
coops_verified_flat_qc_ldp,NOAA CO-OPS verified six-minute water level,8539094,"Burlington, Delaware River",NJ,8539094_2023_12,2023,12,2.0,1,channel_window_glr_5,k_ary_randomized_response,24,previous_month_nonflat_rows_else_same_month_nonflat,verified_six_minute_F_flat_tolerance_flag_equals_1,7200,7440,52,0.006989247311827957,0.059979999999999985,2.63901,0.5437481779184541,0.007246835229466142,0.0,0.0,0.007871534995501861,"https://opendap.co-ops.nos.noaa.gov/erddap/tabledap/IOOS_SixMin_Verified_Water_Level.csv?STATION_ID,DATUM,BEGIN_DATE,END_DATE,time,WL_VALUE,F,R,T,I&STATION_ID=%228539094%22&DATUM=%22MLLW%22&BEGIN_DATE=%2220231201%22&END_DATE=%2220231231%22","https://opendap.co-ops.nos.noaa.gov/erddap/tabledap/IOOS_SixMin_Verified_Water_Level.csv?STATION_ID,DATUM,BEGIN_DATE,END_DATE,time,WL_VALUE,F,R,T,I&STATION_ID=%228539094%22&DATUM=%22MLLW%22&BEGIN_DATE=%2220231101%22&END_DATE=%2220231130%22"
coops_verified_flat_qc_ldp,NOAA CO-OPS verified six-minute water level,8539094,"Burlington, Delaware River",NJ,8539094_2023_12,2023,12,2.0,1,privsaf_hmm_scan,k_ary_randomized_response,24,previous_month_nonflat_rows_else_same_month_nonflat,verified_six_minute_F_flat_tolerance_flag_equals_1,7200,7440,52,0.006989247311827957,0.059979999999999985,2.63901,0.7421754612469285,0.18403282597387582,0.40384615384615385,0.23076923076923078,0.1609076019958593,"https://opendap.co-ops.nos.noaa.gov/erddap/tabledap/IOOS_SixMin_Verified_Water_Level.csv?STATION_ID,DATUM,BEGIN_DATE,END_DATE,time,WL_VALUE,F,R,T,I&STATION_ID=%228539094%22&DATUM=%22MLLW%22&BEGIN_DATE=%2220231201%22&END_DATE=%2220231231%22","https://opendap.co-ops.nos.noaa.gov/erddap/tabledap/IOOS_SixMin_Verified_Water_Level.csv?STATION_ID,DATUM,BEGIN_DATE,END_DATE,time,WL_VALUE,F,R,T,I&STATION_ID=%228539094%22&DATUM=%22MLLW%22&BEGIN_DATE=%2220231101%22&END_DATE=%2220231130%22"
coops_verified_flat_qc_ldp,NOAA CO-OPS verified six-minute water level,8539094,"Burlington, Delaware River",NJ,8539094_2023_12,2023,12,4.0,0,report_frequency,k_ary_randomized_response,24,previous_month_nonflat_rows_else_same_month_nonflat,verified_six_minute_F_flat_tolerance_flag_equals_1,7200,7440,52,0.006989247311827957,0.059979999999999985,2.63901,0.7323075881887469,0.01531209313743175,0.019230769230769232,0.0,0.00028277700766921043,"https://opendap.co-ops.nos.noaa.gov/erddap/tabledap/IOOS_SixMin_Verified_Water_Level.csv?STATION_ID,DATUM,BEGIN_DATE,END_DATE,time,WL_VALUE,F,R,T,I&STATION_ID=%228539094%22&DATUM=%22MLLW%22&BEGIN_DATE=%2220231201%22&END_DATE=%2220231231%22","https://opendap.co-ops.nos.noaa.gov/erddap/tabledap/IOOS_SixMin_Verified_Water_Level.csv?STATION_ID,DATUM,BEGIN_DATE,END_DATE,time,WL_VALUE,F,R,T,I&STATION_ID=%228539094%22&DATUM=%22MLLW%22&BEGIN_DATE=%2220231101%22&END_DATE=%2220231130%22"
coops_verified_flat_qc_ldp,NOAA CO-OPS verified six-minute water level,8539094,"Burlington, Delaware River",NJ,8539094_2023_12,2023,12,4.0,0,channel_point_glr,k_ary_randomized_response,24,previous_month_nonflat_rows_else_same_month_nonflat,verified_six_minute_F_flat_tolerance_flag_equals_1,7200,7440,52,0.006989247311827957,0.059979999999999985,2.63901,0.7358918828870101,0.015855434238879505,0.057692307692307696,0.0,0.007650647021364421,"https://opendap.co-ops.nos.noaa.gov/erddap/tabledap/IOOS_SixMin_Verified_Water_Level.csv?STATION_ID,DATUM,BEGIN_DATE,END_DATE,time,WL_VALUE,F,R,T,I&STATION_ID=%228539094%22&DATUM=%22MLLW%22&BEGIN_DATE=%2220231201%22&END_DATE=%2220231231%22","https://opendap.co-ops.nos.noaa.gov/erddap/tabledap/IOOS_SixMin_Verified_Water_Level.csv?STATION_ID,DATUM,BEGIN_DATE,END_DATE,time,WL_VALUE,F,R,T,I&STATION_ID=%228539094%22&DATUM=%22MLLW%22&BEGIN_DATE=%2220231101%22&END_DATE=%2220231130%22"
coops_verified_flat_qc_ldp,NOAA CO-OPS verified six-minute water level,8539094,"Burlington, Delaware River",NJ,8539094_2023_12,2023,12,4.0,0,channel_window_glr_5,k_ary_randomized_response,24,previous_month_nonflat_rows_else_same_month_nonflat,verified_six_minute_F_flat_tolerance_flag_equals_1,7200,7440,52,0.006989247311827957,0.059979999999999985,2.63901,0.7772453250593478,0.016972648758755943,0.0,0.0,0.007882074976805598,"https://opendap.co-ops.nos.noaa.gov/erddap/tabledap/IOOS_SixMin_Verified_Water_Level.csv?STATION_ID,DATUM,BEGIN_DATE,END_DATE,time,WL_VALUE,F,R,T,I&STATION_ID=%228539094%22&DATUM=%22MLLW%22&BEGIN_DATE=%2220231201%22&END_DATE=%2220231231%22","https://opendap.co-ops.nos.noaa.gov/erddap/tabledap/IOOS_SixMin_Verified_Water_Level.csv?STATION_ID,DATUM,BEGIN_DATE,END_DATE,time,WL_VALUE,F,R,T,I&STATION_ID=%228539094%22&DATUM=%22MLLW%22&BEGIN_DATE=%2220231101%22&END_DATE=%2220231130%22"
coops_verified_flat_qc_ldp,NOAA CO-OPS verified six-minute water level,8539094,"Burlington, Delaware River",NJ,8539094_2023_12,2023,12,4.0,0,privsaf_hmm_scan,k_ary_randomized_response,24,previous_month_nonflat_rows_else_same_month_nonflat,verified_six_minute_F_flat_tolerance_flag_equals_1,7200,7440,52,0.006989247311827957,0.059979999999999985,2.63901,0.886036608221232,0.045033383352708116,0.4230769230769231,0.019230769230769232,0.16253066100762226,"https://opendap.co-ops.nos.noaa.gov/erddap/tabledap/IOOS_SixMin_Verified_Water_Level.csv?STATION_ID,DATUM,BEGIN_DATE,END_DATE,time,WL_VALUE,F,R,T,I&STATION_ID=%228539094%22&DATUM=%22MLLW%22&BEGIN_DATE=%2220231201%22&END_DATE=%2220231231%22","https://opendap.co-ops.nos.noaa.gov/erddap/tabledap/IOOS_SixMin_Verified_Water_Level.csv?STATION_ID,DATUM,BEGIN_DATE,END_DATE,time,WL_VALUE,F,R,T,I&STATION_ID=%228539094%22&DATUM=%22MLLW%22&BEGIN_DATE=%2220231101%22&END_DATE=%2220231130%22"
coops_verified_flat_qc_ldp,NOAA CO-OPS verified six-minute water level,8539094,"Burlington, Delaware River",NJ,8539094_2023_12,2023,12,4.0,1,report_frequency,k_ary_randomized_response,24,previous_month_nonflat_rows_else_same_month_nonflat,verified_six_minute_F_flat_tolerance_flag_equals_1,7200,7440,52,0.006989247311827957,0.059979999999999985,2.63901,0.8076441526800217,0.04465037089744274,0.7307692307692307,0.0,0.00028201501118019223,"https://opendap.co-ops.nos.noaa.gov/erddap/tabledap/IOOS_SixMin_Verified_Water_Level.csv?STATION_ID,DATUM,BEGIN_DATE,END_DATE,time,WL_VALUE,F,R,T,I&STATION_ID=%228539094%22&DATUM=%22MLLW%22&BEGIN_DATE=%2220231201%22&END_DATE=%2220231231%22","https://opendap.co-ops.nos.noaa.gov/erddap/tabledap/IOOS_SixMin_Verified_Water_Level.csv?STATION_ID,DATUM,BEGIN_DATE,END_DATE,time,WL_VALUE,F,R,T,I&STATION_ID=%228539094%22&DATUM=%22MLLW%22&BEGIN_DATE=%2220231101%22&END_DATE=%2220231130%22"
coops_verified_flat_qc_ldp,NOAA CO-OPS verified six-minute water level,8539094,"Burlington, Delaware River",NJ,8539094_2023_12,2023,12,4.0,1,channel_point_glr,k_ary_randomized_response,24,previous_month_nonflat_rows_else_same_month_nonflat,verified_six_minute_F_flat_tolerance_flag_equals_1,7200,7440,52,0.006989247311827957,0.059979999999999985,2.63901,0.7277640977052184,0.01591522524605737,0.038461538461538464,0.0,0.007548118010163307,"https://opendap.co-ops.nos.noaa.gov/erddap/tabledap/IOOS_SixMin_Verified_Water_Level.csv?STATION_ID,DATUM,BEGIN_DATE,END_DATE,time,WL_VALUE,F,R,T,I&STATION_ID=%228539094%22&DATUM=%22MLLW%22&BEGIN_DATE=%2220231201%22&END_DATE=%2220231231%22","https://opendap.co-ops.nos.noaa.gov/erddap/tabledap/IOOS_SixMin_Verified_Water_Level.csv?STATION_ID,DATUM,BEGIN_DATE,END_DATE,time,WL_VALUE,F,R,T,I&STATION_ID=%228539094%22&DATUM=%22MLLW%22&BEGIN_DATE=%2220231101%22&END_DATE=%2220231130%22"
coops_verified_flat_qc_ldp,NOAA CO-OPS verified six-minute water level,8539094,"Burlington, Delaware River",NJ,8539094_2023_12,2023,12,4.0,1,channel_window_glr_5,k_ary_randomized_response,24,previous_month_nonflat_rows_else_same_month_nonflat,verified_six_minute_F_flat_tolerance_flag_equals_1,7200,7440,52,0.006989247311827957,0.059979999999999985,2.63901,0.7660798696430803,0.01487260223060811,0.0,0.0,0.007852020004065707,"https://opendap.co-ops.nos.noaa.gov/erddap/tabledap/IOOS_SixMin_Verified_Water_Level.csv?STATION_ID,DATUM,BEGIN_DATE,END_DATE,time,WL_VALUE,F,R,T,I&STATION_ID=%228539094%22&DATUM=%22MLLW%22&BEGIN_DATE=%2220231201%22&END_DATE=%2220231231%22","https://opendap.co-ops.nos.noaa.gov/erddap/tabledap/IOOS_SixMin_Verified_Water_Level.csv?STATION_ID,DATUM,BEGIN_DATE,END_DATE,time,WL_VALUE,F,R,T,I&STATION_ID=%228539094%22&DATUM=%22MLLW%22&BEGIN_DATE=%2220231101%22&END_DATE=%2220231130%22"
coops_verified_flat_qc_ldp,NOAA CO-OPS verified six-minute water level,8539094,"Burlington, Delaware River",NJ,8539094_2023_12,2023,12,4.0,1,privsaf_hmm_scan,k_ary_randomized_response,24,previous_month_nonflat_rows_else_same_month_nonflat,verified_six_minute_F_flat_tolerance_flag_equals_1,7200,7440,52,0.006989247311827957,0.059979999999999985,2.63901,0.9123552746657781,0.05858782534081494,0.4807692307692308,0.038461538461538464,0.1647668950026855,"https://opendap.co-ops.nos.noaa.gov/erddap/tabledap/IOOS_SixMin_Verified_Water_Level.csv?STATION_ID,DATUM,BEGIN_DATE,END_DATE,time,WL_VALUE,F,R,T,I&STATION_ID=%228539094%22&DATUM=%22MLLW%22&BEGIN_DATE=%2220231201%22&END_DATE=%2220231231%22","https://opendap.co-ops.nos.noaa.gov/erddap/tabledap/IOOS_SixMin_Verified_Water_Level.csv?STATION_ID,DATUM,BEGIN_DATE,END_DATE,time,WL_VALUE,F,R,T,I&STATION_ID=%228539094%22&DATUM=%22MLLW%22&BEGIN_DATE=%2220231101%22&END_DATE=%2220231130%22"
coops_verified_flat_qc_ldp,NOAA CO-OPS verified six-minute water level,8773037,Seadrift,TX,8773037_2024_02,2024,2,2.0,0,report_frequency,k_ary_randomized_response,24,previous_month_nonflat_rows_else_same_month_nonflat,verified_six_minute_F_flat_tolerance_flag_equals_1,7419,6960,52,0.007471264367816092,-0.34564,0.255,0.5675025611331344,0.010369927206888958,0.038461538461538464,0.019230769230769232,0.00027960899751633406,"https://opendap.co-ops.nos.noaa.gov/erddap/tabledap/IOOS_SixMin_Verified_Water_Level.csv?STATION_ID,DATUM,BEGIN_DATE,END_DATE,time,WL_VALUE,F,R,T,I&STATION_ID=%228773037%22&DATUM=%22MLLW%22&BEGIN_DATE=%2220240201%22&END_DATE=%2220240229%22","https://opendap.co-ops.nos.noaa.gov/erddap/tabledap/IOOS_SixMin_Verified_Water_Level.csv?STATION_ID,DATUM,BEGIN_DATE,END_DATE,time,WL_VALUE,F,R,T,I&STATION_ID=%228773037%22&DATUM=%22MLLW%22&BEGIN_DATE=%2220240101%22&END_DATE=%2220240131%22"
coops_verified_flat_qc_ldp,NOAA CO-OPS verified six-minute water level,8773037,Seadrift,TX,8773037_2024_02,2024,2,2.0,0,channel_point_glr,k_ary_randomized_response,24,previous_month_nonflat_rows_else_same_month_nonflat,verified_six_minute_F_flat_tolerance_flag_equals_1,7419,6960,52,0.007471264367816092,-0.34564,0.255,0.562320442296557,0.01005744012476675,0.038461538461538464,0.019230769230769232,0.00721050298307091,"https://opendap.co-ops.nos.noaa.gov/erddap/tabledap/IOOS_SixMin_Verified_Water_Level.csv?STATION_ID,DATUM,BEGIN_DATE,END_DATE,time,WL_VALUE,F,R,T,I&STATION_ID=%228773037%22&DATUM=%22MLLW%22&BEGIN_DATE=%2220240201%22&END_DATE=%2220240229%22","https://opendap.co-ops.nos.noaa.gov/erddap/tabledap/IOOS_SixMin_Verified_Water_Level.csv?STATION_ID,DATUM,BEGIN_DATE,END_DATE,time,WL_VALUE,F,R,T,I&STATION_ID=%228773037%22&DATUM=%22MLLW%22&BEGIN_DATE=%2220240101%22&END_DATE=%2220240131%22"
coops_verified_flat_qc_ldp,NOAA CO-OPS verified six-minute water level,8773037,Seadrift,TX,8773037_2024_02,2024,2,2.0,0,channel_window_glr_5,k_ary_randomized_response,24,previous_month_nonflat_rows_else_same_month_nonflat,verified_six_minute_F_flat_tolerance_flag_equals_1,7419,6960,52,0.007471264367816092,-0.34564,0.255,0.5467504231437352,0.01139190764796255,0.07692307692307693,0.038461538461538464,0.007297372008906677,"https://opendap.co-ops.nos.noaa.gov/erddap/tabledap/IOOS_SixMin_Verified_Water_Level.csv?STATION_ID,DATUM,BEGIN_DATE,END_DATE,time,WL_VALUE,F,R,T,I&STATION_ID=%228773037%22&DATUM=%22MLLW%22&BEGIN_DATE=%2220240201%22&END_DATE=%2220240229%22","https://opendap.co-ops.nos.noaa.gov/erddap/tabledap/IOOS_SixMin_Verified_Water_Level.csv?STATION_ID,DATUM,BEGIN_DATE,END_DATE,time,WL_VALUE,F,R,T,I&STATION_ID=%228773037%22&DATUM=%22MLLW%22&BEGIN_DATE=%2220240101%22&END_DATE=%2220240131%22"
coops_verified_flat_qc_ldp,NOAA CO-OPS verified six-minute water level,8773037,Seadrift,TX,8773037_2024_02,2024,2,2.0,0,privsaf_hmm_scan,k_ary_randomized_response,24,previous_month_nonflat_rows_else_same_month_nonflat,verified_six_minute_F_flat_tolerance_flag_equals_1,7419,6960,52,0.007471264367816092,-0.34564,0.255,0.7014470402209255,0.02036019783553536,0.17307692307692307,0.019230769230769232,0.15062555999611504,"https://opendap.co-ops.nos.noaa.gov/erddap/tabledap/IOOS_SixMin_Verified_Water_Level.csv?STATION_ID,DATUM,BEGIN_DATE,END_DATE,time,WL_VALUE,F,R,T,I&STATION_ID=%228773037%22&DATUM=%22MLLW%22&BEGIN_DATE=%2220240201%22&END_DATE=%2220240229%22","https://opendap.co-ops.nos.noaa.gov/erddap/tabledap/IOOS_SixMin_Verified_Water_Level.csv?STATION_ID,DATUM,BEGIN_DATE,END_DATE,time,WL_VALUE,F,R,T,I&STATION_ID=%228773037%22&DATUM=%22MLLW%22&BEGIN_DATE=%2220240101%22&END_DATE=%2220240131%22"
coops_verified_flat_qc_ldp,NOAA CO-OPS verified six-minute water level,8773037,Seadrift,TX,8773037_2024_02,2024,2,2.0,1,report_frequency,k_ary_randomized_response,24,previous_month_nonflat_rows_else_same_month_nonflat,verified_six_minute_F_flat_tolerance_flag_equals_1,7419,6960,52,0.007471264367816092,-0.34564,0.255,0.5498669324306267,0.011303310682354715,0.057692307692307696,0.019230769230769232,0.00028132001170888543,"https://opendap.co-ops.nos.noaa.gov/erddap/tabledap/IOOS_SixMin_Verified_Water_Level.csv?STATION_ID,DATUM,BEGIN_DATE,END_DATE,time,WL_VALUE,F,R,T,I&STATION_ID=%228773037%22&DATUM=%22MLLW%22&BEGIN_DATE=%2220240201%22&END_DATE=%2220240229%22","https://opendap.co-ops.nos.noaa.gov/erddap/tabledap/IOOS_SixMin_Verified_Water_Level.csv?STATION_ID,DATUM,BEGIN_DATE,END_DATE,time,WL_VALUE,F,R,T,I&STATION_ID=%228773037%22&DATUM=%22MLLW%22&BEGIN_DATE=%2220240101%22&END_DATE=%2220240131%22"
coops_verified_flat_qc_ldp,NOAA CO-OPS verified six-minute water level,8773037,Seadrift,TX,8773037_2024_02,2024,2,2.0,1,channel_point_glr,k_ary_randomized_response,24,previous_month_nonflat_rows_else_same_month_nonflat,verified_six_minute_F_flat_tolerance_flag_equals_1,7419,6960,52,0.007471264367816092,-0.34564,0.255,0.5484861476103514,0.008118156827363379,0.0,0.0,0.007038548996206373,"https://opendap.co-ops.nos.noaa.gov/erddap/tabledap/IOOS_SixMin_Verified_Water_Level.csv?STATION_ID,DATUM,BEGIN_DATE,END_DATE,time,WL_VALUE,F,R,T,I&STATION_ID=%228773037%22&DATUM=%22MLLW%22&BEGIN_DATE=%2220240201%22&END_DATE=%2220240229%22","https://opendap.co-ops.nos.noaa.gov/erddap/tabledap/IOOS_SixMin_Verified_Water_Level.csv?STATION_ID,DATUM,BEGIN_DATE,END_DATE,time,WL_VALUE,F,R,T,I&STATION_ID=%228773037%22&DATUM=%22MLLW%22&BEGIN_DATE=%2220240101%22&END_DATE=%2220240131%22"
coops_verified_flat_qc_ldp,NOAA CO-OPS verified six-minute water level,8773037,Seadrift,TX,8773037_2024_02,2024,2,2.0,1,channel_window_glr_5,k_ary_randomized_response,24,previous_month_nonflat_rows_else_same_month_nonflat,verified_six_minute_F_flat_tolerance_flag_equals_1,7419,6960,52,0.007471264367816092,-0.34564,0.255,0.6177982049797336,0.01122924732526576,0.09615384615384616,0.019230769230769232,0.007474359998013824,"https://opendap.co-ops.nos.noaa.gov/erddap/tabledap/IOOS_SixMin_Verified_Water_Level.csv?STATION_ID,DATUM,BEGIN_DATE,END_DATE,time,WL_VALUE,F,R,T,I&STATION_ID=%228773037%22&DATUM=%22MLLW%22&BEGIN_DATE=%2220240201%22&END_DATE=%2220240229%22","https://opendap.co-ops.nos.noaa.gov/erddap/tabledap/IOOS_SixMin_Verified_Water_Level.csv?STATION_ID,DATUM,BEGIN_DATE,END_DATE,time,WL_VALUE,F,R,T,I&STATION_ID=%228773037%22&DATUM=%22MLLW%22&BEGIN_DATE=%2220240101%22&END_DATE=%2220240131%22"
coops_verified_flat_qc_ldp,NOAA CO-OPS verified six-minute water level,8773037,Seadrift,TX,8773037_2024_02,2024,2,2.0,1,privsaf_hmm_scan,k_ary_randomized_response,24,previous_month_nonflat_rows_else_same_month_nonflat,verified_six_minute_F_flat_tolerance_flag_equals_1,7419,6960,52,0.007471264367816092,-0.34564,0.255,0.6967479176874082,0.03474834643491449,0.40384615384615385,0.038461538461538464,0.15019749899511226,"https://opendap.co-ops.nos.noaa.gov/erddap/tabledap/IOOS_SixMin_Verified_Water_Level.csv?STATION_ID,DATUM,BEGIN_DATE,END_DATE,time,WL_VALUE,F,R,T,I&STATION_ID=%228773037%22&DATUM=%22MLLW%22&BEGIN_DATE=%2220240201%22&END_DATE=%2220240229%22","https://opendap.co-ops.nos.noaa.gov/erddap/tabledap/IOOS_SixMin_Verified_Water_Level.csv?STATION_ID,DATUM,BEGIN_DATE,END_DATE,time,WL_VALUE,F,R,T,I&STATION_ID=%228773037%22&DATUM=%22MLLW%22&BEGIN_DATE=%2220240101%22&END_DATE=%2220240131%22"
coops_verified_flat_qc_ldp,NOAA CO-OPS verified six-minute water level,8773037,Seadrift,TX,8773037_2024_02,2024,2,4.0,0,report_frequency,k_ary_randomized_response,24,previous_month_nonflat_rows_else_same_month_nonflat,verified_six_minute_F_flat_tolerance_flag_equals_1,7419,6960,52,0.007471264367816092,-0.34564,0.255,0.576018328804953,0.008366037109835113,0.019230769230769232,0.0,0.0003013579989783466,"https://opendap.co-ops.nos.noaa.gov/erddap/tabledap/IOOS_SixMin_Verified_Water_Level.csv?STATION_ID,DATUM,BEGIN_DATE,END_DATE,time,WL_VALUE,F,R,T,I&STATION_ID=%228773037%22&DATUM=%22MLLW%22&BEGIN_DATE=%2220240201%22&END_DATE=%2220240229%22","https://opendap.co-ops.nos.noaa.gov/erddap/tabledap/IOOS_SixMin_Verified_Water_Level.csv?STATION_ID,DATUM,BEGIN_DATE,END_DATE,time,WL_VALUE,F,R,T,I&STATION_ID=%228773037%22&DATUM=%22MLLW%22&BEGIN_DATE=%2220240101%22&END_DATE=%2220240131%22"
coops_verified_flat_qc_ldp,NOAA CO-OPS verified six-minute water level,8773037,Seadrift,TX,8773037_2024_02,2024,2,4.0,0,channel_point_glr,k_ary_randomized_response,24,previous_month_nonflat_rows_else_same_month_nonflat,verified_six_minute_F_flat_tolerance_flag_equals_1,7419,6960,52,0.007471264367816092,-0.34564,0.255,0.5794730746960046,0.008474510761018435,0.019230769230769232,0.0,0.00705674200435169,"https://opendap.co-ops.nos.noaa.gov/erddap/tabledap/IOOS_SixMin_Verified_Water_Level.csv?STATION_ID,DATUM,BEGIN_DATE,END_DATE,time,WL_VALUE,F,R,T,I&STATION_ID=%228773037%22&DATUM=%22MLLW%22&BEGIN_DATE=%2220240201%22&END_DATE=%2220240229%22","https://opendap.co-ops.nos.noaa.gov/erddap/tabledap/IOOS_SixMin_Verified_Water_Level.csv?STATION_ID,DATUM,BEGIN_DATE,END_DATE,time,WL_VALUE,F,R,T,I&STATION_ID=%228773037%22&DATUM=%22MLLW%22&BEGIN_DATE=%2220240101%22&END_DATE=%2220240131%22"
coops_verified_flat_qc_ldp,NOAA CO-OPS verified six-minute water level,8773037,Seadrift,TX,8773037_2024_02,2024,2,4.0,0,channel_window_glr_5,k_ary_randomized_response,24,previous_month_nonflat_rows_else_same_month_nonflat,verified_six_minute_F_flat_tolerance_flag_equals_1,7419,6960,52,0.007471264367816092,-0.34564,0.255,0.5474366397933277,0.0078476585331107,0.0,0.0,0.007167334988480434,"https://opendap.co-ops.nos.noaa.gov/erddap/tabledap/IOOS_SixMin_Verified_Water_Level.csv?STATION_ID,DATUM,BEGIN_DATE,END_DATE,time,WL_VALUE,F,R,T,I&STATION_ID=%228773037%22&DATUM=%22MLLW%22&BEGIN_DATE=%2220240201%22&END_DATE=%2220240229%22","https://opendap.co-ops.nos.noaa.gov/erddap/tabledap/IOOS_SixMin_Verified_Water_Level.csv?STATION_ID,DATUM,BEGIN_DATE,END_DATE,time,WL_VALUE,F,R,T,I&STATION_ID=%228773037%22&DATUM=%22MLLW%22&BEGIN_DATE=%2220240101%22&END_DATE=%2220240131%22"
coops_verified_flat_qc_ldp,NOAA CO-OPS verified six-minute water level,8773037,Seadrift,TX,8773037_2024_02,2024,2,4.0,0,privsaf_hmm_scan,k_ary_randomized_response,24,previous_month_nonflat_rows_else_same_month_nonflat,verified_six_minute_F_flat_tolerance_flag_equals_1,7419,6960,52,0.007471264367816092,-0.34564,0.255,0.7204105607768028,0.02227261422665276,0.17307692307692307,0.057692307692307696,0.15177408399176784,"https://opendap.co-ops.nos.noaa.gov/erddap/tabledap/IOOS_SixMin_Verified_Water_Level.csv?STATION_ID,DATUM,BEGIN_DATE,END_DATE,time,WL_VALUE,F,R,T,I&STATION_ID=%228773037%22&DATUM=%22MLLW%22&BEGIN_DATE=%2220240201%22&END_DATE=%2220240229%22","https://opendap.co-ops.nos.noaa.gov/erddap/tabledap/IOOS_SixMin_Verified_Water_Level.csv?STATION_ID,DATUM,BEGIN_DATE,END_DATE,time,WL_VALUE,F,R,T,I&STATION_ID=%228773037%22&DATUM=%22MLLW%22&BEGIN_DATE=%2220240101%22&END_DATE=%2220240131%22"
coops_verified_flat_qc_ldp,NOAA CO-OPS verified six-minute water level,8773037,Seadrift,TX,8773037_2024_02,2024,2,4.0,1,report_frequency,k_ary_randomized_response,24,previous_month_nonflat_rows_else_same_month_nonflat,verified_six_minute_F_flat_tolerance_flag_equals_1,7419,6960,52,0.007471264367816092,-0.34564,0.255,0.6065361787893635,0.00973547995918859,0.019230769230769232,0.0,0.00027307600248605013,"https://opendap.co-ops.nos.noaa.gov/erddap/tabledap/IOOS_SixMin_Verified_Water_Level.csv?STATION_ID,DATUM,BEGIN_DATE,END_DATE,time,WL_VALUE,F,R,T,I&STATION_ID=%228773037%22&DATUM=%22MLLW%22&BEGIN_DATE=%2220240201%22&END_DATE=%2220240229%22","https://opendap.co-ops.nos.noaa.gov/erddap/tabledap/IOOS_SixMin_Verified_Water_Level.csv?STATION_ID,DATUM,BEGIN_DATE,END_DATE,time,WL_VALUE,F,R,T,I&STATION_ID=%228773037%22&DATUM=%22MLLW%22&BEGIN_DATE=%2220240101%22&END_DATE=%2220240131%22"
coops_verified_flat_qc_ldp,NOAA CO-OPS verified six-minute water level,8773037,Seadrift,TX,8773037_2024_02,2024,2,4.0,1,channel_point_glr,k_ary_randomized_response,24,previous_month_nonflat_rows_else_same_month_nonflat,verified_six_minute_F_flat_tolerance_flag_equals_1,7419,6960,52,0.007471264367816092,-0.34564,0.255,0.6103444724065743,0.00986672216824664,0.038461538461538464,0.0,0.006928636983502656,"https://opendap.co-ops.nos.noaa.gov/erddap/tabledap/IOOS_SixMin_Verified_Water_Level.csv?STATION_ID,DATUM,BEGIN_DATE,END_DATE,time,WL_VALUE,F,R,T,I&STATION_ID=%228773037%22&DATUM=%22MLLW%22&BEGIN_DATE=%2220240201%22&END_DATE=%2220240229%22","https://opendap.co-ops.nos.noaa.gov/erddap/tabledap/IOOS_SixMin_Verified_Water_Level.csv?STATION_ID,DATUM,BEGIN_DATE,END_DATE,time,WL_VALUE,F,R,T,I&STATION_ID=%228773037%22&DATUM=%22MLLW%22&BEGIN_DATE=%2220240101%22&END_DATE=%2220240131%22"
coops_verified_flat_qc_ldp,NOAA CO-OPS verified six-minute water level,8773037,Seadrift,TX,8773037_2024_02,2024,2,4.0,1,channel_window_glr_5,k_ary_randomized_response,24,previous_month_nonflat_rows_else_same_month_nonflat,verified_six_minute_F_flat_tolerance_flag_equals_1,7419,6960,52,0.007471264367816092,-0.34564,0.255,0.6375398089171974,0.011807163388958769,0.019230769230769232,0.0,0.007439548993716016,"https://opendap.co-ops.nos.noaa.gov/erddap/tabledap/IOOS_SixMin_Verified_Water_Level.csv?STATION_ID,DATUM,BEGIN_DATE,END_DATE,time,WL_VALUE,F,R,T,I&STATION_ID=%228773037%22&DATUM=%22MLLW%22&BEGIN_DATE=%2220240201%22&END_DATE=%2220240229%22","https://opendap.co-ops.nos.noaa.gov/erddap/tabledap/IOOS_SixMin_Verified_Water_Level.csv?STATION_ID,DATUM,BEGIN_DATE,END_DATE,time,WL_VALUE,F,R,T,I&STATION_ID=%228773037%22&DATUM=%22MLLW%22&BEGIN_DATE=%2220240101%22&END_DATE=%2220240131%22"
coops_verified_flat_qc_ldp,NOAA CO-OPS verified six-minute water level,8773037,Seadrift,TX,8773037_2024_02,2024,2,4.0,1,privsaf_hmm_scan,k_ary_randomized_response,24,previous_month_nonflat_rows_else_same_month_nonflat,verified_six_minute_F_flat_tolerance_flag_equals_1,7419,6960,52,0.007471264367816092,-0.34564,0.255,0.6507310364794441,0.012041634417184645,0.09615384615384616,0.0,0.15242326198494993,"https://opendap.co-ops.nos.noaa.gov/erddap/tabledap/IOOS_SixMin_Verified_Water_Level.csv?STATION_ID,DATUM,BEGIN_DATE,END_DATE,time,WL_VALUE,F,R,T,I&STATION_ID=%228773037%22&DATUM=%22MLLW%22&BEGIN_DATE=%2220240201%22&END_DATE=%2220240229%22","https://opendap.co-ops.nos.noaa.gov/erddap/tabledap/IOOS_SixMin_Verified_Water_Level.csv?STATION_ID,DATUM,BEGIN_DATE,END_DATE,time,WL_VALUE,F,R,T,I&STATION_ID=%228773037%22&DATUM=%22MLLW%22&BEGIN_DATE=%2220240101%22&END_DATE=%2220240131%22"
coops_verified_flat_qc_ldp,NOAA CO-OPS verified six-minute water level,8773037,Seadrift,TX,8773037_2025_09,2025,9,2.0,0,report_frequency,k_ary_randomized_response,24,previous_month_nonflat_rows_else_same_month_nonflat,verified_six_minute_F_flat_tolerance_flag_equals_1,7435,7200,37,0.005138888888888889,0.008,0.298,0.5101157977745999,0.007459280679388074,0.10810810810810811,0.0,0.0002662779879756272,"https://opendap.co-ops.nos.noaa.gov/erddap/tabledap/IOOS_SixMin_Verified_Water_Level.csv?STATION_ID,DATUM,BEGIN_DATE,END_DATE,time,WL_VALUE,F,R,T,I&STATION_ID=%228773037%22&DATUM=%22MLLW%22&BEGIN_DATE=%2220250901%22&END_DATE=%2220250930%22","https://opendap.co-ops.nos.noaa.gov/erddap/tabledap/IOOS_SixMin_Verified_Water_Level.csv?STATION_ID,DATUM,BEGIN_DATE,END_DATE,time,WL_VALUE,F,R,T,I&STATION_ID=%228773037%22&DATUM=%22MLLW%22&BEGIN_DATE=%2220250801%22&END_DATE=%2220250831%22"
coops_verified_flat_qc_ldp,NOAA CO-OPS verified six-minute water level,8773037,Seadrift,TX,8773037_2025_09,2025,9,2.0,0,channel_point_glr,k_ary_randomized_response,24,previous_month_nonflat_rows_else_same_month_nonflat,verified_six_minute_F_flat_tolerance_flag_equals_1,7435,7200,37,0.005138888888888889,0.008,0.298,0.5236613830080254,0.006215091597488692,0.05405405405405406,0.0,0.007588662003399804,"https://opendap.co-ops.nos.noaa.gov/erddap/tabledap/IOOS_SixMin_Verified_Water_Level.csv?STATION_ID,DATUM,BEGIN_DATE,END_DATE,time,WL_VALUE,F,R,T,I&STATION_ID=%228773037%22&DATUM=%22MLLW%22&BEGIN_DATE=%2220250901%22&END_DATE=%2220250930%22","https://opendap.co-ops.nos.noaa.gov/erddap/tabledap/IOOS_SixMin_Verified_Water_Level.csv?STATION_ID,DATUM,BEGIN_DATE,END_DATE,time,WL_VALUE,F,R,T,I&STATION_ID=%228773037%22&DATUM=%22MLLW%22&BEGIN_DATE=%2220250801%22&END_DATE=%2220250831%22"
coops_verified_flat_qc_ldp,NOAA CO-OPS verified six-minute water level,8773037,Seadrift,TX,8773037_2025_09,2025,9,2.0,0,channel_window_glr_5,k_ary_randomized_response,24,previous_month_nonflat_rows_else_same_month_nonflat,verified_six_minute_F_flat_tolerance_flag_equals_1,7435,7200,37,0.005138888888888889,0.008,0.298,0.5383162724360546,0.005869161596376785,0.05405405405405406,0.0,0.007624930003657937,"https://opendap.co-ops.nos.noaa.gov/erddap/tabledap/IOOS_SixMin_Verified_Water_Level.csv?STATION_ID,DATUM,BEGIN_DATE,END_DATE,time,WL_VALUE,F,R,T,I&STATION_ID=%228773037%22&DATUM=%22MLLW%22&BEGIN_DATE=%2220250901%22&END_DATE=%2220250930%22","https://opendap.co-ops.nos.noaa.gov/erddap/tabledap/IOOS_SixMin_Verified_Water_Level.csv?STATION_ID,DATUM,BEGIN_DATE,END_DATE,time,WL_VALUE,F,R,T,I&STATION_ID=%228773037%22&DATUM=%22MLLW%22&BEGIN_DATE=%2220250801%22&END_DATE=%2220250831%22"
coops_verified_flat_qc_ldp,NOAA CO-OPS verified six-minute water level,8773037,Seadrift,TX,8773037_2025_09,2025,9,2.0,0,privsaf_hmm_scan,k_ary_randomized_response,24,previous_month_nonflat_rows_else_same_month_nonflat,verified_six_minute_F_flat_tolerance_flag_equals_1,7435,7200,37,0.005138888888888889,0.008,0.298,0.6418720828884168,0.007102354311382177,0.0,0.0,0.15606943500461057,"https://opendap.co-ops.nos.noaa.gov/erddap/tabledap/IOOS_SixMin_Verified_Water_Level.csv?STATION_ID,DATUM,BEGIN_DATE,END_DATE,time,WL_VALUE,F,R,T,I&STATION_ID=%228773037%22&DATUM=%22MLLW%22&BEGIN_DATE=%2220250901%22&END_DATE=%2220250930%22","https://opendap.co-ops.nos.noaa.gov/erddap/tabledap/IOOS_SixMin_Verified_Water_Level.csv?STATION_ID,DATUM,BEGIN_DATE,END_DATE,time,WL_VALUE,F,R,T,I&STATION_ID=%228773037%22&DATUM=%22MLLW%22&BEGIN_DATE=%2220250801%22&END_DATE=%2220250831%22"
coops_verified_flat_qc_ldp,NOAA CO-OPS verified six-minute water level,8773037,Seadrift,TX,8773037_2025_09,2025,9,2.0,1,report_frequency,k_ary_randomized_response,24,previous_month_nonflat_rows_else_same_month_nonflat,verified_six_minute_F_flat_tolerance_flag_equals_1,7435,7200,37,0.005138888888888889,0.008,0.298,0.5620455720274232,0.00734296288766897,0.02702702702702703,0.0,0.000297912978567183,"https://opendap.co-ops.nos.noaa.gov/erddap/tabledap/IOOS_SixMin_Verified_Water_Level.csv?STATION_ID,DATUM,BEGIN_DATE,END_DATE,time,WL_VALUE,F,R,T,I&STATION_ID=%228773037%22&DATUM=%22MLLW%22&BEGIN_DATE=%2220250901%22&END_DATE=%2220250930%22","https://opendap.co-ops.nos.noaa.gov/erddap/tabledap/IOOS_SixMin_Verified_Water_Level.csv?STATION_ID,DATUM,BEGIN_DATE,END_DATE,time,WL_VALUE,F,R,T,I&STATION_ID=%228773037%22&DATUM=%22MLLW%22&BEGIN_DATE=%2220250801%22&END_DATE=%2220250831%22"
coops_verified_flat_qc_ldp,NOAA CO-OPS verified six-minute water level,8773037,Seadrift,TX,8773037_2025_09,2025,9,2.0,1,channel_point_glr,k_ary_randomized_response,24,previous_month_nonflat_rows_else_same_month_nonflat,verified_six_minute_F_flat_tolerance_flag_equals_1,7435,7200,37,0.005138888888888889,0.008,0.298,0.5494640249631175,0.0061842102008738305,0.02702702702702703,0.0,0.007386349025182426,"https://opendap.co-ops.nos.noaa.gov/erddap/tabledap/IOOS_SixMin_Verified_Water_Level.csv?STATION_ID,DATUM,BEGIN_DATE,END_DATE,time,WL_VALUE,F,R,T,I&STATION_ID=%228773037%22&DATUM=%22MLLW%22&BEGIN_DATE=%2220250901%22&END_DATE=%2220250930%22","https://opendap.co-ops.nos.noaa.gov/erddap/tabledap/IOOS_SixMin_Verified_Water_Level.csv?STATION_ID,DATUM,BEGIN_DATE,END_DATE,time,WL_VALUE,F,R,T,I&STATION_ID=%228773037%22&DATUM=%22MLLW%22&BEGIN_DATE=%2220250801%22&END_DATE=%2220250831%22"
coops_verified_flat_qc_ldp,NOAA CO-OPS verified six-minute water level,8773037,Seadrift,TX,8773037_2025_09,2025,9,2.0,1,channel_window_glr_5,k_ary_randomized_response,24,previous_month_nonflat_rows_else_same_month_nonflat,verified_six_minute_F_flat_tolerance_flag_equals_1,7435,7200,37,0.005138888888888889,0.008,0.298,0.5628058604465138,0.007163827563739326,0.02702702702702703,0.02702702702702703,0.007744333997834474,"https://opendap.co-ops.nos.noaa.gov/erddap/tabledap/IOOS_SixMin_Verified_Water_Level.csv?STATION_ID,DATUM,BEGIN_DATE,END_DATE,time,WL_VALUE,F,R,T,I&STATION_ID=%228773037%22&DATUM=%22MLLW%22&BEGIN_DATE=%2220250901%22&END_DATE=%2220250930%22","https://opendap.co-ops.nos.noaa.gov/erddap/tabledap/IOOS_SixMin_Verified_Water_Level.csv?STATION_ID,DATUM,BEGIN_DATE,END_DATE,time,WL_VALUE,F,R,T,I&STATION_ID=%228773037%22&DATUM=%22MLLW%22&BEGIN_DATE=%2220250801%22&END_DATE=%2220250831%22"
coops_verified_flat_qc_ldp,NOAA CO-OPS verified six-minute water level,8773037,Seadrift,TX,8773037_2025_09,2025,9,2.0,1,privsaf_hmm_scan,k_ary_randomized_response,24,previous_month_nonflat_rows_else_same_month_nonflat,verified_six_minute_F_flat_tolerance_flag_equals_1,7435,7200,37,0.005138888888888889,0.008,0.298,0.7166821994408201,0.050464960169881126,0.3783783783783784,0.10810810810810811,0.15708591300062835,"https://opendap.co-ops.nos.noaa.gov/erddap/tabledap/IOOS_SixMin_Verified_Water_Level.csv?STATION_ID,DATUM,BEGIN_DATE,END_DATE,time,WL_VALUE,F,R,T,I&STATION_ID=%228773037%22&DATUM=%22MLLW%22&BEGIN_DATE=%2220250901%22&END_DATE=%2220250930%22","https://opendap.co-ops.nos.noaa.gov/erddap/tabledap/IOOS_SixMin_Verified_Water_Level.csv?STATION_ID,DATUM,BEGIN_DATE,END_DATE,time,WL_VALUE,F,R,T,I&STATION_ID=%228773037%22&DATUM=%22MLLW%22&BEGIN_DATE=%2220250801%22&END_DATE=%2220250831%22"
coops_verified_flat_qc_ldp,NOAA CO-OPS verified six-minute water level,8773037,Seadrift,TX,8773037_2025_09,2025,9,4.0,0,report_frequency,k_ary_randomized_response,24,previous_month_nonflat_rows_else_same_month_nonflat,verified_six_minute_F_flat_tolerance_flag_equals_1,7435,7200,37,0.005138888888888889,0.008,0.298,0.5348996909795458,0.0066379864445083175,0.02702702702702703,0.0,0.0002876679936889559,"https://opendap.co-ops.nos.noaa.gov/erddap/tabledap/IOOS_SixMin_Verified_Water_Level.csv?STATION_ID,DATUM,BEGIN_DATE,END_DATE,time,WL_VALUE,F,R,T,I&STATION_ID=%228773037%22&DATUM=%22MLLW%22&BEGIN_DATE=%2220250901%22&END_DATE=%2220250930%22","https://opendap.co-ops.nos.noaa.gov/erddap/tabledap/IOOS_SixMin_Verified_Water_Level.csv?STATION_ID,DATUM,BEGIN_DATE,END_DATE,time,WL_VALUE,F,R,T,I&STATION_ID=%228773037%22&DATUM=%22MLLW%22&BEGIN_DATE=%2220250801%22&END_DATE=%2220250831%22"
coops_verified_flat_qc_ldp,NOAA CO-OPS verified six-minute water level,8773037,Seadrift,TX,8773037_2025_09,2025,9,4.0,0,channel_point_glr,k_ary_randomized_response,24,previous_month_nonflat_rows_else_same_month_nonflat,verified_six_minute_F_flat_tolerance_flag_equals_1,7435,7200,37,0.005138888888888889,0.008,0.298,0.5453324328097467,0.006921837769630572,0.02702702702702703,0.0,0.007188029994722456,"https://opendap.co-ops.nos.noaa.gov/erddap/tabledap/IOOS_SixMin_Verified_Water_Level.csv?STATION_ID,DATUM,BEGIN_DATE,END_DATE,time,WL_VALUE,F,R,T,I&STATION_ID=%228773037%22&DATUM=%22MLLW%22&BEGIN_DATE=%2220250901%22&END_DATE=%2220250930%22","https://opendap.co-ops.nos.noaa.gov/erddap/tabledap/IOOS_SixMin_Verified_Water_Level.csv?STATION_ID,DATUM,BEGIN_DATE,END_DATE,time,WL_VALUE,F,R,T,I&STATION_ID=%228773037%22&DATUM=%22MLLW%22&BEGIN_DATE=%2220250801%22&END_DATE=%2220250831%22"
coops_verified_flat_qc_ldp,NOAA CO-OPS verified six-minute water level,8773037,Seadrift,TX,8773037_2025_09,2025,9,4.0,0,channel_window_glr_5,k_ary_randomized_response,24,previous_month_nonflat_rows_else_same_month_nonflat,verified_six_minute_F_flat_tolerance_flag_equals_1,7435,7200,37,0.005138888888888889,0.008,0.298,0.5771853103976516,0.00642383671086929,0.05405405405405406,0.0,0.007661079987883568,"https://opendap.co-ops.nos.noaa.gov/erddap/tabledap/IOOS_SixMin_Verified_Water_Level.csv?STATION_ID,DATUM,BEGIN_DATE,END_DATE,time,WL_VALUE,F,R,T,I&STATION_ID=%228773037%22&DATUM=%22MLLW%22&BEGIN_DATE=%2220250901%22&END_DATE=%2220250930%22","https://opendap.co-ops.nos.noaa.gov/erddap/tabledap/IOOS_SixMin_Verified_Water_Level.csv?STATION_ID,DATUM,BEGIN_DATE,END_DATE,time,WL_VALUE,F,R,T,I&STATION_ID=%228773037%22&DATUM=%22MLLW%22&BEGIN_DATE=%2220250801%22&END_DATE=%2220250831%22"
coops_verified_flat_qc_ldp,NOAA CO-OPS verified six-minute water level,8773037,Seadrift,TX,8773037_2025_09,2025,9,4.0,0,privsaf_hmm_scan,k_ary_randomized_response,24,previous_month_nonflat_rows_else_same_month_nonflat,verified_six_minute_F_flat_tolerance_flag_equals_1,7435,7200,37,0.005138888888888889,0.008,0.298,0.6423550452588566,0.0071594388034314895,0.05405405405405406,0.0,0.15533770000911318,"https://opendap.co-ops.nos.noaa.gov/erddap/tabledap/IOOS_SixMin_Verified_Water_Level.csv?STATION_ID,DATUM,BEGIN_DATE,END_DATE,time,WL_VALUE,F,R,T,I&STATION_ID=%228773037%22&DATUM=%22MLLW%22&BEGIN_DATE=%2220250901%22&END_DATE=%2220250930%22","https://opendap.co-ops.nos.noaa.gov/erddap/tabledap/IOOS_SixMin_Verified_Water_Level.csv?STATION_ID,DATUM,BEGIN_DATE,END_DATE,time,WL_VALUE,F,R,T,I&STATION_ID=%228773037%22&DATUM=%22MLLW%22&BEGIN_DATE=%2220250801%22&END_DATE=%2220250831%22"
coops_verified_flat_qc_ldp,NOAA CO-OPS verified six-minute water level,8773037,Seadrift,TX,8773037_2025_09,2025,9,4.0,1,report_frequency,k_ary_randomized_response,24,previous_month_nonflat_rows_else_same_month_nonflat,verified_six_minute_F_flat_tolerance_flag_equals_1,7435,7200,37,0.005138888888888889,0.008,0.298,0.5317132712776996,0.007172922778604964,0.05405405405405406,0.0,0.00031008399673737586,"https://opendap.co-ops.nos.noaa.gov/erddap/tabledap/IOOS_SixMin_Verified_Water_Level.csv?STATION_ID,DATUM,BEGIN_DATE,END_DATE,time,WL_VALUE,F,R,T,I&STATION_ID=%228773037%22&DATUM=%22MLLW%22&BEGIN_DATE=%2220250901%22&END_DATE=%2220250930%22","https://opendap.co-ops.nos.noaa.gov/erddap/tabledap/IOOS_SixMin_Verified_Water_Level.csv?STATION_ID,DATUM,BEGIN_DATE,END_DATE,time,WL_VALUE,F,R,T,I&STATION_ID=%228773037%22&DATUM=%22MLLW%22&BEGIN_DATE=%2220250801%22&END_DATE=%2220250831%22"
coops_verified_flat_qc_ldp,NOAA CO-OPS verified six-minute water level,8773037,Seadrift,TX,8773037_2025_09,2025,9,4.0,1,channel_point_glr,k_ary_randomized_response,24,previous_month_nonflat_rows_else_same_month_nonflat,verified_six_minute_F_flat_tolerance_flag_equals_1,7435,7200,37,0.005138888888888889,0.008,0.298,0.5184053940859749,0.00670598268380379,0.05405405405405406,0.0,0.007335451984545216,"https://opendap.co-ops.nos.noaa.gov/erddap/tabledap/IOOS_SixMin_Verified_Water_Level.csv?STATION_ID,DATUM,BEGIN_DATE,END_DATE,time,WL_VALUE,F,R,T,I&STATION_ID=%228773037%22&DATUM=%22MLLW%22&BEGIN_DATE=%2220250901%22&END_DATE=%2220250930%22","https://opendap.co-ops.nos.noaa.gov/erddap/tabledap/IOOS_SixMin_Verified_Water_Level.csv?STATION_ID,DATUM,BEGIN_DATE,END_DATE,time,WL_VALUE,F,R,T,I&STATION_ID=%228773037%22&DATUM=%22MLLW%22&BEGIN_DATE=%2220250801%22&END_DATE=%2220250831%22"
coops_verified_flat_qc_ldp,NOAA CO-OPS verified six-minute water level,8773037,Seadrift,TX,8773037_2025_09,2025,9,4.0,1,channel_window_glr_5,k_ary_randomized_response,24,previous_month_nonflat_rows_else_same_month_nonflat,verified_six_minute_F_flat_tolerance_flag_equals_1,7435,7200,37,0.005138888888888889,0.008,0.298,0.5529617290052862,0.005885644865785254,0.0,0.0,0.007660840026801452,"https://opendap.co-ops.nos.noaa.gov/erddap/tabledap/IOOS_SixMin_Verified_Water_Level.csv?STATION_ID,DATUM,BEGIN_DATE,END_DATE,time,WL_VALUE,F,R,T,I&STATION_ID=%228773037%22&DATUM=%22MLLW%22&BEGIN_DATE=%2220250901%22&END_DATE=%2220250930%22","https://opendap.co-ops.nos.noaa.gov/erddap/tabledap/IOOS_SixMin_Verified_Water_Level.csv?STATION_ID,DATUM,BEGIN_DATE,END_DATE,time,WL_VALUE,F,R,T,I&STATION_ID=%228773037%22&DATUM=%22MLLW%22&BEGIN_DATE=%2220250801%22&END_DATE=%2220250831%22"
coops_verified_flat_qc_ldp,NOAA CO-OPS verified six-minute water level,8773037,Seadrift,TX,8773037_2025_09,2025,9,4.0,1,privsaf_hmm_scan,k_ary_randomized_response,24,previous_month_nonflat_rows_else_same_month_nonflat,verified_six_minute_F_flat_tolerance_flag_equals_1,7435,7200,37,0.005138888888888889,0.008,0.298,0.5845429402598187,0.006038523981538647,0.02702702702702703,0.0,0.15672830198309384,"https://opendap.co-ops.nos.noaa.gov/erddap/tabledap/IOOS_SixMin_Verified_Water_Level.csv?STATION_ID,DATUM,BEGIN_DATE,END_DATE,time,WL_VALUE,F,R,T,I&STATION_ID=%228773037%22&DATUM=%22MLLW%22&BEGIN_DATE=%2220250901%22&END_DATE=%2220250930%22","https://opendap.co-ops.nos.noaa.gov/erddap/tabledap/IOOS_SixMin_Verified_Water_Level.csv?STATION_ID,DATUM,BEGIN_DATE,END_DATE,time,WL_VALUE,F,R,T,I&STATION_ID=%228773037%22&DATUM=%22MLLW%22&BEGIN_DATE=%2220250801%22&END_DATE=%2220250831%22"
