station_id,label_code,label,n_rows_full,positive_rows_full,fault_rate_full,negative_rows_full,eligible_for_pmldp,sample_rule,n_rows_sample,positive_rows_sample,fault_rate_sample,station_url
711050-99999,TSS,temperature straight string,37623,0,0.0,37623,0,full,37623,0,0.0,https://hadleyserver.metoffice.gov.uk/hadobs/hadisd/v343_2025f/data/hadisd.3.4.3.2025f_19310101-20250829_711050-99999.nc.gz
711050-99999,DSS,dew point straight string,37624,0,0.0,37624,0,full,37624,0,0.0,https://hadleyserver.metoffice.gov.uk/hadobs/hadisd/v343_2025f/data/hadisd.3.4.3.2025f_19310101-20250829_711050-99999.nc.gz
711050-99999,WSS,wind speed straight string,20112,0,0.0,20112,0,full,20112,0,0.0,https://hadleyserver.metoffice.gov.uk/hadobs/hadisd/v343_2025f/data/hadisd.3.4.3.2025f_19310101-20250829_711050-99999.nc.gz
711050-99999,PSS,sea-level pressure straight string,0,0,nan,0,0,full,0,0,nan,https://hadleyserver.metoffice.gov.uk/hadobs/hadisd/v343_2025f/data/hadisd.3.4.3.2025f_19310101-20250829_711050-99999.nc.gz
711050-99999,RSS,wind direction straight string,0,0,nan,0,0,full,0,0,nan,https://hadleyserver.metoffice.gov.uk/hadobs/hadisd/v343_2025f/data/hadisd.3.4.3.2025f_19310101-20250829_711050-99999.nc.gz
718950-99999,TSS,temperature straight string,35549,0,0.0,35549,0,full,35549,0,0.0,https://hadleyserver.metoffice.gov.uk/hadobs/hadisd/v343_2025f/data/hadisd.3.4.3.2025f_19310101-20250829_718950-99999.nc.gz
718950-99999,DSS,dew point straight string,35281,0,0.0,35281,0,full,35281,0,0.0,https://hadleyserver.metoffice.gov.uk/hadobs/hadisd/v343_2025f/data/hadisd.3.4.3.2025f_19310101-20250829_718950-99999.nc.gz
718950-99999,WSS,wind speed straight string,13384,0,0.0,13384,0,full,13384,0,0.0,https://hadleyserver.metoffice.gov.uk/hadobs/hadisd/v343_2025f/data/hadisd.3.4.3.2025f_19310101-20250829_718950-99999.nc.gz
718950-99999,PSS,sea-level pressure straight string,0,0,nan,0,0,full,0,0,nan,https://hadleyserver.metoffice.gov.uk/hadobs/hadisd/v343_2025f/data/hadisd.3.4.3.2025f_19310101-20250829_718950-99999.nc.gz
718950-99999,RSS,wind direction straight string,126,0,0.0,126,0,full,126,0,0.0,https://hadleyserver.metoffice.gov.uk/hadobs/hadisd/v343_2025f/data/hadisd.3.4.3.2025f_19310101-20250829_718950-99999.nc.gz
714140-99999,TSS,temperature straight string,35728,0,0.0,35728,0,full,35728,0,0.0,https://hadleyserver.metoffice.gov.uk/hadobs/hadisd/v343_2025f/data/hadisd.3.4.3.2025f_19310101-20250829_714140-99999.nc.gz
714140-99999,DSS,dew point straight string,35602,0,0.0,35602,0,full,35602,0,0.0,https://hadleyserver.metoffice.gov.uk/hadobs/hadisd/v343_2025f/data/hadisd.3.4.3.2025f_19310101-20250829_714140-99999.nc.gz
714140-99999,WSS,wind speed straight string,10074,0,0.0,10074,0,full,10074,0,0.0,https://hadleyserver.metoffice.gov.uk/hadobs/hadisd/v343_2025f/data/hadisd.3.4.3.2025f_19310101-20250829_714140-99999.nc.gz
714140-99999,PSS,sea-level pressure straight string,0,0,nan,0,0,full,0,0,nan,https://hadleyserver.metoffice.gov.uk/hadobs/hadisd/v343_2025f/data/hadisd.3.4.3.2025f_19310101-20250829_714140-99999.nc.gz
714140-99999,RSS,wind direction straight string,383,0,0.0,383,0,full,383,0,0.0,https://hadleyserver.metoffice.gov.uk/hadobs/hadisd/v343_2025f/data/hadisd.3.4.3.2025f_19310101-20250829_714140-99999.nc.gz
718436-99999,TSS,temperature straight string,37912,54,0.001424351128930154,37858,1,full,37912,54,0.001424351128930154,https://hadleyserver.metoffice.gov.uk/hadobs/hadisd/v343_2025f/data/hadisd.3.4.3.2025f_19310101-20250829_718436-99999.nc.gz
718436-99999,DSS,dew point straight string,37898,0,0.0,37898,0,full,37898,0,0.0,https://hadleyserver.metoffice.gov.uk/hadobs/hadisd/v343_2025f/data/hadisd.3.4.3.2025f_19310101-20250829_718436-99999.nc.gz
718436-99999,WSS,wind speed straight string,37953,715,0.018839090453982556,37238,1,full,37953,715,0.018839090453982556,https://hadleyserver.metoffice.gov.uk/hadobs/hadisd/v343_2025f/data/hadisd.3.4.3.2025f_19310101-20250829_718436-99999.nc.gz
718436-99999,PSS,sea-level pressure straight string,37813,0,0.0,37813,0,full,37813,0,0.0,https://hadleyserver.metoffice.gov.uk/hadobs/hadisd/v343_2025f/data/hadisd.3.4.3.2025f_19310101-20250829_718436-99999.nc.gz
718436-99999,RSS,wind direction straight string,817,0,0.0,817,0,full,817,0,0.0,https://hadleyserver.metoffice.gov.uk/hadobs/hadisd/v343_2025f/data/hadisd.3.4.3.2025f_19310101-20250829_718436-99999.nc.gz
715000-99999,TSS,temperature straight string,35159,0,0.0,35159,0,full,35159,0,0.0,https://hadleyserver.metoffice.gov.uk/hadobs/hadisd/v343_2025f/data/hadisd.3.4.3.2025f_19310101-20250829_715000-99999.nc.gz
715000-99999,DSS,dew point straight string,34943,0,0.0,34943,0,full,34943,0,0.0,https://hadleyserver.metoffice.gov.uk/hadobs/hadisd/v343_2025f/data/hadisd.3.4.3.2025f_19310101-20250829_715000-99999.nc.gz
715000-99999,WSS,wind speed straight string,35159,0,0.0,35159,0,full,35159,0,0.0,https://hadleyserver.metoffice.gov.uk/hadobs/hadisd/v343_2025f/data/hadisd.3.4.3.2025f_19310101-20250829_715000-99999.nc.gz
715000-99999,PSS,sea-level pressure straight string,0,0,nan,0,0,full,0,0,nan,https://hadleyserver.metoffice.gov.uk/hadobs/hadisd/v343_2025f/data/hadisd.3.4.3.2025f_19310101-20250829_715000-99999.nc.gz
715000-99999,RSS,wind direction straight string,1745,0,0.0,1745,0,full,1745,0,0.0,https://hadleyserver.metoffice.gov.uk/hadobs/hadisd/v343_2025f/data/hadisd.3.4.3.2025f_19310101-20250829_715000-99999.nc.gz
726069-99999,TSS,temperature straight string,35938,67,0.0018643218876954755,35871,1,full,35938,67,0.0018643218876954755,https://hadleyserver.metoffice.gov.uk/hadobs/hadisd/v343_2025f/data/hadisd.3.4.3.2025f_19310101-20250829_726069-99999.nc.gz
726069-99999,DSS,dew point straight string,0,0,nan,0,0,full,0,0,nan,https://hadleyserver.metoffice.gov.uk/hadobs/hadisd/v343_2025f/data/hadisd.3.4.3.2025f_19310101-20250829_726069-99999.nc.gz
726069-99999,WSS,wind speed straight string,35905,0,0.0,35905,0,full,35905,0,0.0,https://hadleyserver.metoffice.gov.uk/hadobs/hadisd/v343_2025f/data/hadisd.3.4.3.2025f_19310101-20250829_726069-99999.nc.gz
726069-99999,PSS,sea-level pressure straight string,31081,12,0.0003860879637077314,31069,0,full,31081,12,0.0003860879637077314,https://hadleyserver.metoffice.gov.uk/hadobs/hadisd/v343_2025f/data/hadisd.3.4.3.2025f_19310101-20250829_726069-99999.nc.gz
726069-99999,RSS,wind direction straight string,72,23,0.3194444444444444,49,0,full,72,23,0.3194444444444444,https://hadleyserver.metoffice.gov.uk/hadobs/hadisd/v343_2025f/data/hadisd.3.4.3.2025f_19310101-20250829_726069-99999.nc.gz
713990-99999,TSS,temperature straight string,35941,0,0.0,35941,0,full,35941,0,0.0,https://hadleyserver.metoffice.gov.uk/hadobs/hadisd/v343_2025f/data/hadisd.3.4.3.2025f_19310101-20250829_713990-99999.nc.gz
713990-99999,DSS,dew point straight string,35933,0,0.0,35933,0,full,35933,0,0.0,https://hadleyserver.metoffice.gov.uk/hadobs/hadisd/v343_2025f/data/hadisd.3.4.3.2025f_19310101-20250829_713990-99999.nc.gz
713990-99999,WSS,wind speed straight string,26970,0,0.0,26970,0,full,26970,0,0.0,https://hadleyserver.metoffice.gov.uk/hadobs/hadisd/v343_2025f/data/hadisd.3.4.3.2025f_19310101-20250829_713990-99999.nc.gz
713990-99999,PSS,sea-level pressure straight string,0,0,nan,0,0,full,0,0,nan,https://hadleyserver.metoffice.gov.uk/hadobs/hadisd/v343_2025f/data/hadisd.3.4.3.2025f_19310101-20250829_713990-99999.nc.gz
713990-99999,RSS,wind direction straight string,39,0,0.0,39,0,full,39,0,0.0,https://hadleyserver.metoffice.gov.uk/hadobs/hadisd/v343_2025f/data/hadisd.3.4.3.2025f_19310101-20250829_713990-99999.nc.gz
714830-99999,TSS,temperature straight string,35039,0,0.0,35039,0,full,35039,0,0.0,https://hadleyserver.metoffice.gov.uk/hadobs/hadisd/v343_2025f/data/hadisd.3.4.3.2025f_19310101-20250829_714830-99999.nc.gz
714830-99999,DSS,dew point straight string,35025,0,0.0,35025,0,full,35025,0,0.0,https://hadleyserver.metoffice.gov.uk/hadobs/hadisd/v343_2025f/data/hadisd.3.4.3.2025f_19310101-20250829_714830-99999.nc.gz
714830-99999,WSS,wind speed straight string,28054,0,0.0,28054,0,full,28054,0,0.0,https://hadleyserver.metoffice.gov.uk/hadobs/hadisd/v343_2025f/data/hadisd.3.4.3.2025f_19310101-20250829_714830-99999.nc.gz
714830-99999,PSS,sea-level pressure straight string,0,0,nan,0,0,full,0,0,nan,https://hadleyserver.metoffice.gov.uk/hadobs/hadisd/v343_2025f/data/hadisd.3.4.3.2025f_19310101-20250829_714830-99999.nc.gz
714830-99999,RSS,wind direction straight string,257,0,0.0,257,0,full,257,0,0.0,https://hadleyserver.metoffice.gov.uk/hadobs/hadisd/v343_2025f/data/hadisd.3.4.3.2025f_19310101-20250829_714830-99999.nc.gz
718370-99999,TSS,temperature straight string,93083,18,0.00019337580438963075,93065,0,full,93083,18,0.00019337580438963075,https://hadleyserver.metoffice.gov.uk/hadobs/hadisd/v343_2025f/data/hadisd.3.4.3.2025f_19310101-20250829_718370-99999.nc.gz
718370-99999,DSS,dew point straight string,0,0,nan,0,0,full,0,0,nan,https://hadleyserver.metoffice.gov.uk/hadobs/hadisd/v343_2025f/data/hadisd.3.4.3.2025f_19310101-20250829_718370-99999.nc.gz
718370-99999,WSS,wind speed straight string,20124,0,0.0,20124,0,full,20124,0,0.0,https://hadleyserver.metoffice.gov.uk/hadobs/hadisd/v343_2025f/data/hadisd.3.4.3.2025f_19310101-20250829_718370-99999.nc.gz
718370-99999,PSS,sea-level pressure straight string,0,0,nan,0,0,full,0,0,nan,https://hadleyserver.metoffice.gov.uk/hadobs/hadisd/v343_2025f/data/hadisd.3.4.3.2025f_19310101-20250829_718370-99999.nc.gz
718370-99999,RSS,wind direction straight string,0,0,nan,0,0,full,0,0,nan,https://hadleyserver.metoffice.gov.uk/hadobs/hadisd/v343_2025f/data/hadisd.3.4.3.2025f_19310101-20250829_718370-99999.nc.gz
726067-99999,TSS,temperature straight string,37776,33,0.0008735705209656925,37743,0,full,37776,33,0.0008735705209656925,https://hadleyserver.metoffice.gov.uk/hadobs/hadisd/v343_2025f/data/hadisd.3.4.3.2025f_19310101-20250829_726067-99999.nc.gz
726067-99999,DSS,dew point straight string,0,0,nan,0,0,full,0,0,nan,https://hadleyserver.metoffice.gov.uk/hadobs/hadisd/v343_2025f/data/hadisd.3.4.3.2025f_19310101-20250829_726067-99999.nc.gz
726067-99999,WSS,wind speed straight string,31274,0,0.0,31274,0,full,31274,0,0.0,https://hadleyserver.metoffice.gov.uk/hadobs/hadisd/v343_2025f/data/hadisd.3.4.3.2025f_19310101-20250829_726067-99999.nc.gz
726067-99999,PSS,sea-level pressure straight string,33316,0,0.0,33316,0,full,33316,0,0.0,https://hadleyserver.metoffice.gov.uk/hadobs/hadisd/v343_2025f/data/hadisd.3.4.3.2025f_19310101-20250829_726067-99999.nc.gz
726067-99999,RSS,wind direction straight string,872,0,0.0,872,0,full,872,0,0.0,https://hadleyserver.metoffice.gov.uk/hadobs/hadisd/v343_2025f/data/hadisd.3.4.3.2025f_19310101-20250829_726067-99999.nc.gz
714810-99999,TSS,temperature straight string,35451,0,0.0,35451,0,full,35451,0,0.0,https://hadleyserver.metoffice.gov.uk/hadobs/hadisd/v343_2025f/data/hadisd.3.4.3.2025f_19310101-20250829_714810-99999.nc.gz
714810-99999,DSS,dew point straight string,35468,0,0.0,35468,0,full,35468,0,0.0,https://hadleyserver.metoffice.gov.uk/hadobs/hadisd/v343_2025f/data/hadisd.3.4.3.2025f_19310101-20250829_714810-99999.nc.gz
714810-99999,WSS,wind speed straight string,31710,0,0.0,31710,0,full,31710,0,0.0,https://hadleyserver.metoffice.gov.uk/hadobs/hadisd/v343_2025f/data/hadisd.3.4.3.2025f_19310101-20250829_714810-99999.nc.gz
714810-99999,PSS,sea-level pressure straight string,0,0,nan,0,0,full,0,0,nan,https://hadleyserver.metoffice.gov.uk/hadobs/hadisd/v343_2025f/data/hadisd.3.4.3.2025f_19310101-20250829_714810-99999.nc.gz
714810-99999,RSS,wind direction straight string,501,0,0.0,501,0,full,501,0,0.0,https://hadleyserver.metoffice.gov.uk/hadobs/hadisd/v343_2025f/data/hadisd.3.4.3.2025f_19310101-20250829_714810-99999.nc.gz
782560-99999,TSS,temperature straight string,24134,0,0.0,24134,0,full,24134,0,0.0,https://hadleyserver.metoffice.gov.uk/hadobs/hadisd/v343_2025f/data/hadisd.3.4.3.2025f_19310101-20250829_782560-99999.nc.gz
782560-99999,DSS,dew point straight string,22923,153,0.006674519042010208,22770,1,full,22923,153,0.006674519042010208,https://hadleyserver.metoffice.gov.uk/hadobs/hadisd/v343_2025f/data/hadisd.3.4.3.2025f_19310101-20250829_782560-99999.nc.gz
782560-99999,WSS,wind speed straight string,42647,49,0.001148967102023589,42598,0,full,42647,49,0.001148967102023589,https://hadleyserver.metoffice.gov.uk/hadobs/hadisd/v343_2025f/data/hadisd.3.4.3.2025f_19310101-20250829_782560-99999.nc.gz
782560-99999,PSS,sea-level pressure straight string,2537,0,0.0,2537,0,full,2537,0,0.0,https://hadleyserver.metoffice.gov.uk/hadobs/hadisd/v343_2025f/data/hadisd.3.4.3.2025f_19310101-20250829_782560-99999.nc.gz
782560-99999,RSS,wind direction straight string,773,395,0.5109961190168176,378,1,full,773,395,0.5109961190168176,https://hadleyserver.metoffice.gov.uk/hadobs/hadisd/v343_2025f/data/hadisd.3.4.3.2025f_19310101-20250829_782560-99999.nc.gz
710480-99999,TSS,temperature straight string,35834,0,0.0,35834,0,full,35834,0,0.0,https://hadleyserver.metoffice.gov.uk/hadobs/hadisd/v343_2025f/data/hadisd.3.4.3.2025f_19310101-20250829_710480-99999.nc.gz
710480-99999,DSS,dew point straight string,35815,0,0.0,35815,0,full,35815,0,0.0,https://hadleyserver.metoffice.gov.uk/hadobs/hadisd/v343_2025f/data/hadisd.3.4.3.2025f_19310101-20250829_710480-99999.nc.gz
710480-99999,WSS,wind speed straight string,35835,0,0.0,35835,0,full,35835,0,0.0,https://hadleyserver.metoffice.gov.uk/hadobs/hadisd/v343_2025f/data/hadisd.3.4.3.2025f_19310101-20250829_710480-99999.nc.gz
710480-99999,PSS,sea-level pressure straight string,0,0,nan,0,0,full,0,0,nan,https://hadleyserver.metoffice.gov.uk/hadobs/hadisd/v343_2025f/data/hadisd.3.4.3.2025f_19310101-20250829_710480-99999.nc.gz
710480-99999,RSS,wind direction straight string,1340,0,0.0,1340,0,full,1340,0,0.0,https://hadleyserver.metoffice.gov.uk/hadobs/hadisd/v343_2025f/data/hadisd.3.4.3.2025f_19310101-20250829_710480-99999.nc.gz
767501-99999,TSS,temperature straight string,57841,0,0.0,57841,0,full,57841,0,0.0,https://hadleyserver.metoffice.gov.uk/hadobs/hadisd/v343_2025f/data/hadisd.3.4.3.2025f_19310101-20250829_767501-99999.nc.gz
767501-99999,DSS,dew point straight string,57688,95,0.0016467896269588128,57593,1,full,57688,95,0.0016467896269588128,https://hadleyserver.metoffice.gov.uk/hadobs/hadisd/v343_2025f/data/hadisd.3.4.3.2025f_19310101-20250829_767501-99999.nc.gz
767501-99999,WSS,wind speed straight string,57867,2321,0.040109215960737556,55546,1,full,57867,2321,0.040109215960737556,https://hadleyserver.metoffice.gov.uk/hadobs/hadisd/v343_2025f/data/hadisd.3.4.3.2025f_19310101-20250829_767501-99999.nc.gz
767501-99999,PSS,sea-level pressure straight string,228,0,0.0,228,0,full,228,0,0.0,https://hadleyserver.metoffice.gov.uk/hadobs/hadisd/v343_2025f/data/hadisd.3.4.3.2025f_19310101-20250829_767501-99999.nc.gz
767501-99999,RSS,wind direction straight string,2906,873,0.30041293874741914,2033,1,full,2906,873,0.30041293874741914,https://hadleyserver.metoffice.gov.uk/hadobs/hadisd/v343_2025f/data/hadisd.3.4.3.2025f_19310101-20250829_767501-99999.nc.gz
727438-99999,TSS,temperature straight string,43216,0,0.0,43216,0,full,43216,0,0.0,https://hadleyserver.metoffice.gov.uk/hadobs/hadisd/v343_2025f/data/hadisd.3.4.3.2025f_19310101-20250829_727438-99999.nc.gz
727438-99999,DSS,dew point straight string,0,0,nan,0,0,full,0,0,nan,https://hadleyserver.metoffice.gov.uk/hadobs/hadisd/v343_2025f/data/hadisd.3.4.3.2025f_19310101-20250829_727438-99999.nc.gz
727438-99999,WSS,wind speed straight string,43906,0,0.0,43906,0,full,43906,0,0.0,https://hadleyserver.metoffice.gov.uk/hadobs/hadisd/v343_2025f/data/hadisd.3.4.3.2025f_19310101-20250829_727438-99999.nc.gz
727438-99999,PSS,sea-level pressure straight string,42967,13,0.00030255777689855006,42954,0,full,42967,13,0.00030255777689855006,https://hadleyserver.metoffice.gov.uk/hadobs/hadisd/v343_2025f/data/hadisd.3.4.3.2025f_19310101-20250829_727438-99999.nc.gz
727438-99999,RSS,wind direction straight string,231,221,0.9567099567099567,10,0,full,231,221,0.9567099567099567,https://hadleyserver.metoffice.gov.uk/hadobs/hadisd/v343_2025f/data/hadisd.3.4.3.2025f_19310101-20250829_727438-99999.nc.gz
726454-99999,TSS,temperature straight string,46300,0,0.0,46300,0,full,46300,0,0.0,https://hadleyserver.metoffice.gov.uk/hadobs/hadisd/v343_2025f/data/hadisd.3.4.3.2025f_19310101-20250829_726454-99999.nc.gz
726454-99999,DSS,dew point straight string,0,0,nan,0,0,full,0,0,nan,https://hadleyserver.metoffice.gov.uk/hadobs/hadisd/v343_2025f/data/hadisd.3.4.3.2025f_19310101-20250829_726454-99999.nc.gz
726454-99999,WSS,wind speed straight string,46333,0,0.0,46333,0,full,46333,0,0.0,https://hadleyserver.metoffice.gov.uk/hadobs/hadisd/v343_2025f/data/hadisd.3.4.3.2025f_19310101-20250829_726454-99999.nc.gz
726454-99999,PSS,sea-level pressure straight string,42761,0,0.0,42761,0,full,42761,0,0.0,https://hadleyserver.metoffice.gov.uk/hadobs/hadisd/v343_2025f/data/hadisd.3.4.3.2025f_19310101-20250829_726454-99999.nc.gz
726454-99999,RSS,wind direction straight string,34,32,0.9411764705882353,2,0,full,34,32,0.9411764705882353,https://hadleyserver.metoffice.gov.uk/hadobs/hadisd/v343_2025f/data/hadisd.3.4.3.2025f_19310101-20250829_726454-99999.nc.gz
714610-99999,TSS,temperature straight string,35439,0,0.0,35439,0,full,35439,0,0.0,https://hadleyserver.metoffice.gov.uk/hadobs/hadisd/v343_2025f/data/hadisd.3.4.3.2025f_19310101-20250829_714610-99999.nc.gz
714610-99999,DSS,dew point straight string,35427,0,0.0,35427,0,full,35427,0,0.0,https://hadleyserver.metoffice.gov.uk/hadobs/hadisd/v343_2025f/data/hadisd.3.4.3.2025f_19310101-20250829_714610-99999.nc.gz
714610-99999,WSS,wind speed straight string,35436,0,0.0,35436,0,full,35436,0,0.0,https://hadleyserver.metoffice.gov.uk/hadobs/hadisd/v343_2025f/data/hadisd.3.4.3.2025f_19310101-20250829_714610-99999.nc.gz
714610-99999,PSS,sea-level pressure straight string,0,0,nan,0,0,full,0,0,nan,https://hadleyserver.metoffice.gov.uk/hadobs/hadisd/v343_2025f/data/hadisd.3.4.3.2025f_19310101-20250829_714610-99999.nc.gz
714610-99999,RSS,wind direction straight string,22,0,0.0,22,0,full,22,0,0.0,https://hadleyserver.metoffice.gov.uk/hadobs/hadisd/v343_2025f/data/hadisd.3.4.3.2025f_19310101-20250829_714610-99999.nc.gz
726365-99999,TSS,temperature straight string,44009,0,0.0,44009,0,full,44009,0,0.0,https://hadleyserver.metoffice.gov.uk/hadobs/hadisd/v343_2025f/data/hadisd.3.4.3.2025f_19310101-20250829_726365-99999.nc.gz
726365-99999,DSS,dew point straight string,1,0,0.0,1,0,full,1,0,0.0,https://hadleyserver.metoffice.gov.uk/hadobs/hadisd/v343_2025f/data/hadisd.3.4.3.2025f_19310101-20250829_726365-99999.nc.gz
726365-99999,WSS,wind speed straight string,42369,0,0.0,42369,0,full,42369,0,0.0,https://hadleyserver.metoffice.gov.uk/hadobs/hadisd/v343_2025f/data/hadisd.3.4.3.2025f_19310101-20250829_726365-99999.nc.gz
726365-99999,PSS,sea-level pressure straight string,40262,0,0.0,40262,0,full,40262,0,0.0,https://hadleyserver.metoffice.gov.uk/hadobs/hadisd/v343_2025f/data/hadisd.3.4.3.2025f_19310101-20250829_726365-99999.nc.gz
726365-99999,RSS,wind direction straight string,456,408,0.8947368421052632,48,0,full,456,408,0.8947368421052632,https://hadleyserver.metoffice.gov.uk/hadobs/hadisd/v343_2025f/data/hadisd.3.4.3.2025f_19310101-20250829_726365-99999.nc.gz
727795-99999,TSS,temperature straight string,48171,0,0.0,48171,0,full,48171,0,0.0,https://hadleyserver.metoffice.gov.uk/hadobs/hadisd/v343_2025f/data/hadisd.3.4.3.2025f_19310101-20250829_727795-99999.nc.gz
727795-99999,DSS,dew point straight string,87,0,0.0,87,0,full,87,0,0.0,https://hadleyserver.metoffice.gov.uk/hadobs/hadisd/v343_2025f/data/hadisd.3.4.3.2025f_19310101-20250829_727795-99999.nc.gz
727795-99999,WSS,wind speed straight string,48248,251,0.005202288177748301,47997,1,full,48248,251,0.005202288177748301,https://hadleyserver.metoffice.gov.uk/hadobs/hadisd/v343_2025f/data/hadisd.3.4.3.2025f_19310101-20250829_727795-99999.nc.gz
727795-99999,PSS,sea-level pressure straight string,32,0,0.0,32,0,full,32,0,0.0,https://hadleyserver.metoffice.gov.uk/hadobs/hadisd/v343_2025f/data/hadisd.3.4.3.2025f_19310101-20250829_727795-99999.nc.gz
727795-99999,RSS,wind direction straight string,282,12,0.0425531914893617,270,0,full,282,12,0.0425531914893617,https://hadleyserver.metoffice.gov.uk/hadobs/hadisd/v343_2025f/data/hadisd.3.4.3.2025f_19310101-20250829_727795-99999.nc.gz
724630-99999,TSS,temperature straight string,33811,0,0.0,33811,0,full,33811,0,0.0,https://hadleyserver.metoffice.gov.uk/hadobs/hadisd/v343_2025f/data/hadisd.3.4.3.2025f_19310101-20250829_724630-99999.nc.gz
724630-99999,DSS,dew point straight string,33755,0,0.0,33755,0,full,33755,0,0.0,https://hadleyserver.metoffice.gov.uk/hadobs/hadisd/v343_2025f/data/hadisd.3.4.3.2025f_19310101-20250829_724630-99999.nc.gz
724630-99999,WSS,wind speed straight string,33838,121,0.0035758614575329513,33717,1,full,33838,121,0.0035758614575329513,https://hadleyserver.metoffice.gov.uk/hadobs/hadisd/v343_2025f/data/hadisd.3.4.3.2025f_19310101-20250829_724630-99999.nc.gz
724630-99999,PSS,sea-level pressure straight string,29529,0,0.0,29529,0,full,29529,0,0.0,https://hadleyserver.metoffice.gov.uk/hadobs/hadisd/v343_2025f/data/hadisd.3.4.3.2025f_19310101-20250829_724630-99999.nc.gz
724630-99999,RSS,wind direction straight string,165,10,0.06060606060606061,155,0,full,165,10,0.06060606060606061,https://hadleyserver.metoffice.gov.uk/hadobs/hadisd/v343_2025f/data/hadisd.3.4.3.2025f_19310101-20250829_724630-99999.nc.gz
725057-99999,TSS,temperature straight string,39532,12,0.00030355155317211374,39520,0,full,39532,12,0.00030355155317211374,https://hadleyserver.metoffice.gov.uk/hadobs/hadisd/v343_2025f/data/hadisd.3.4.3.2025f_19310101-20250829_725057-99999.nc.gz
725057-99999,DSS,dew point straight string,0,0,nan,0,0,full,0,0,nan,https://hadleyserver.metoffice.gov.uk/hadobs/hadisd/v343_2025f/data/hadisd.3.4.3.2025f_19310101-20250829_725057-99999.nc.gz
725057-99999,WSS,wind speed straight string,38639,0,0.0,38639,0,full,38639,0,0.0,https://hadleyserver.metoffice.gov.uk/hadobs/hadisd/v343_2025f/data/hadisd.3.4.3.2025f_19310101-20250829_725057-99999.nc.gz
725057-99999,PSS,sea-level pressure straight string,35484,0,0.0,35484,0,full,35484,0,0.0,https://hadleyserver.metoffice.gov.uk/hadobs/hadisd/v343_2025f/data/hadisd.3.4.3.2025f_19310101-20250829_725057-99999.nc.gz
725057-99999,RSS,wind direction straight string,642,521,0.8115264797507789,121,0,full,642,521,0.8115264797507789,https://hadleyserver.metoffice.gov.uk/hadobs/hadisd/v343_2025f/data/hadisd.3.4.3.2025f_19310101-20250829_725057-99999.nc.gz
726356-99999,TSS,temperature straight string,45316,0,0.0,45316,0,full,45316,0,0.0,https://hadleyserver.metoffice.gov.uk/hadobs/hadisd/v343_2025f/data/hadisd.3.4.3.2025f_19310101-20250829_726356-99999.nc.gz
726356-99999,DSS,dew point straight string,0,0,nan,0,0,full,0,0,nan,https://hadleyserver.metoffice.gov.uk/hadobs/hadisd/v343_2025f/data/hadisd.3.4.3.2025f_19310101-20250829_726356-99999.nc.gz
726356-99999,WSS,wind speed straight string,43380,0,0.0,43380,0,full,43380,0,0.0,https://hadleyserver.metoffice.gov.uk/hadobs/hadisd/v343_2025f/data/hadisd.3.4.3.2025f_19310101-20250829_726356-99999.nc.gz
726356-99999,PSS,sea-level pressure straight string,45305,14,0.0003090166648272818,45291,0,full,45305,14,0.0003090166648272818,https://hadleyserver.metoffice.gov.uk/hadobs/hadisd/v343_2025f/data/hadisd.3.4.3.2025f_19310101-20250829_726356-99999.nc.gz
726356-99999,RSS,wind direction straight string,155,114,0.7354838709677419,41,0,full,155,114,0.7354838709677419,https://hadleyserver.metoffice.gov.uk/hadobs/hadisd/v343_2025f/data/hadisd.3.4.3.2025f_19310101-20250829_726356-99999.nc.gz
726406-99999,TSS,temperature straight string,48923,0,0.0,48923,0,full,48923,0,0.0,https://hadleyserver.metoffice.gov.uk/hadobs/hadisd/v343_2025f/data/hadisd.3.4.3.2025f_19310101-20250829_726406-99999.nc.gz
726406-99999,DSS,dew point straight string,0,0,nan,0,0,full,0,0,nan,https://hadleyserver.metoffice.gov.uk/hadobs/hadisd/v343_2025f/data/hadisd.3.4.3.2025f_19310101-20250829_726406-99999.nc.gz
726406-99999,WSS,wind speed straight string,49746,0,0.0,49746,0,full,49746,0,0.0,https://hadleyserver.metoffice.gov.uk/hadobs/hadisd/v343_2025f/data/hadisd.3.4.3.2025f_19310101-20250829_726406-99999.nc.gz
726406-99999,PSS,sea-level pressure straight string,42933,0,0.0,42933,0,full,42933,0,0.0,https://hadleyserver.metoffice.gov.uk/hadobs/hadisd/v343_2025f/data/hadisd.3.4.3.2025f_19310101-20250829_726406-99999.nc.gz
726406-99999,RSS,wind direction straight string,4,0,0.0,4,0,full,4,0,0.0,https://hadleyserver.metoffice.gov.uk/hadobs/hadisd/v343_2025f/data/hadisd.3.4.3.2025f_19310101-20250829_726406-99999.nc.gz
725056-99999,TSS,temperature straight string,41223,0,0.0,41223,0,full,41223,0,0.0,https://hadleyserver.metoffice.gov.uk/hadobs/hadisd/v343_2025f/data/hadisd.3.4.3.2025f_19310101-20250829_725056-99999.nc.gz
725056-99999,DSS,dew point straight string,1798,0,0.0,1798,0,full,1798,0,0.0,https://hadleyserver.metoffice.gov.uk/hadobs/hadisd/v343_2025f/data/hadisd.3.4.3.2025f_19310101-20250829_725056-99999.nc.gz
725056-99999,WSS,wind speed straight string,37789,12,0.000317552726984043,37777,0,full,37789,12,0.000317552726984043,https://hadleyserver.metoffice.gov.uk/hadobs/hadisd/v343_2025f/data/hadisd.3.4.3.2025f_19310101-20250829_725056-99999.nc.gz
725056-99999,PSS,sea-level pressure straight string,40203,0,0.0,40203,0,full,40203,0,0.0,https://hadleyserver.metoffice.gov.uk/hadobs/hadisd/v343_2025f/data/hadisd.3.4.3.2025f_19310101-20250829_725056-99999.nc.gz
725056-99999,RSS,wind direction straight string,1888,391,0.20709745762711865,1497,1,full,1888,391,0.20709745762711865,https://hadleyserver.metoffice.gov.uk/hadobs/hadisd/v343_2025f/data/hadisd.3.4.3.2025f_19310101-20250829_725056-99999.nc.gz
710510-99999,TSS,temperature straight string,46547,0,0.0,46547,0,full,46547,0,0.0,https://hadleyserver.metoffice.gov.uk/hadobs/hadisd/v343_2025f/data/hadisd.3.4.3.2025f_19310101-20250829_710510-99999.nc.gz
710510-99999,DSS,dew point straight string,46324,0,0.0,46324,0,full,46324,0,0.0,https://hadleyserver.metoffice.gov.uk/hadobs/hadisd/v343_2025f/data/hadisd.3.4.3.2025f_19310101-20250829_710510-99999.nc.gz
710510-99999,WSS,wind speed straight string,28861,0,0.0,28861,0,full,28861,0,0.0,https://hadleyserver.metoffice.gov.uk/hadobs/hadisd/v343_2025f/data/hadisd.3.4.3.2025f_19310101-20250829_710510-99999.nc.gz
710510-99999,PSS,sea-level pressure straight string,8067,0,0.0,8067,0,full,8067,0,0.0,https://hadleyserver.metoffice.gov.uk/hadobs/hadisd/v343_2025f/data/hadisd.3.4.3.2025f_19310101-20250829_710510-99999.nc.gz
710510-99999,RSS,wind direction straight string,11,0,0.0,11,0,full,11,0,0.0,https://hadleyserver.metoffice.gov.uk/hadobs/hadisd/v343_2025f/data/hadisd.3.4.3.2025f_19310101-20250829_710510-99999.nc.gz
726408-99999,TSS,temperature straight string,49835,15,0.00030099327781679544,49820,0,full,49835,15,0.00030099327781679544,https://hadleyserver.metoffice.gov.uk/hadobs/hadisd/v343_2025f/data/hadisd.3.4.3.2025f_19310101-20250829_726408-99999.nc.gz
726408-99999,DSS,dew point straight string,0,0,nan,0,0,full,0,0,nan,https://hadleyserver.metoffice.gov.uk/hadobs/hadisd/v343_2025f/data/hadisd.3.4.3.2025f_19310101-20250829_726408-99999.nc.gz
726408-99999,WSS,wind speed straight string,49253,28,0.0005684932897488477,49225,0,full,49253,28,0.0005684932897488477,https://hadleyserver.metoffice.gov.uk/hadobs/hadisd/v343_2025f/data/hadisd.3.4.3.2025f_19310101-20250829_726408-99999.nc.gz
726408-99999,PSS,sea-level pressure straight string,48659,0,0.0,48659,0,full,48659,0,0.0,https://hadleyserver.metoffice.gov.uk/hadobs/hadisd/v343_2025f/data/hadisd.3.4.3.2025f_19310101-20250829_726408-99999.nc.gz
726408-99999,RSS,wind direction straight string,86,53,0.6162790697674418,33,0,full,86,53,0.6162790697674418,https://hadleyserver.metoffice.gov.uk/hadobs/hadisd/v343_2025f/data/hadisd.3.4.3.2025f_19310101-20250829_726408-99999.nc.gz
727348-99999,TSS,temperature straight string,48505,0,0.0,48505,0,full,48505,0,0.0,https://hadleyserver.metoffice.gov.uk/hadobs/hadisd/v343_2025f/data/hadisd.3.4.3.2025f_19310101-20250829_727348-99999.nc.gz
727348-99999,DSS,dew point straight string,0,0,nan,0,0,full,0,0,nan,https://hadleyserver.metoffice.gov.uk/hadobs/hadisd/v343_2025f/data/hadisd.3.4.3.2025f_19310101-20250829_727348-99999.nc.gz
727348-99999,WSS,wind speed straight string,42006,0,0.0,42006,0,full,42006,0,0.0,https://hadleyserver.metoffice.gov.uk/hadobs/hadisd/v343_2025f/data/hadisd.3.4.3.2025f_19310101-20250829_727348-99999.nc.gz
727348-99999,PSS,sea-level pressure straight string,47952,0,0.0,47952,0,full,47952,0,0.0,https://hadleyserver.metoffice.gov.uk/hadobs/hadisd/v343_2025f/data/hadisd.3.4.3.2025f_19310101-20250829_727348-99999.nc.gz
727348-99999,RSS,wind direction straight string,666,92,0.13813813813813813,574,1,full,666,92,0.13813813813813813,https://hadleyserver.metoffice.gov.uk/hadobs/hadisd/v343_2025f/data/hadisd.3.4.3.2025f_19310101-20250829_727348-99999.nc.gz
788461-99999,TSS,temperature straight string,74927,138,0.001841792678206788,74789,1,full,74927,138,0.001841792678206788,https://hadleyserver.metoffice.gov.uk/hadobs/hadisd/v343_2025f/data/hadisd.3.4.3.2025f_19310101-20250829_788461-99999.nc.gz
788461-99999,DSS,dew point straight string,69216,0,0.0,69216,0,full,69216,0,0.0,https://hadleyserver.metoffice.gov.uk/hadobs/hadisd/v343_2025f/data/hadisd.3.4.3.2025f_19310101-20250829_788461-99999.nc.gz
788461-99999,WSS,wind speed straight string,74972,32,0.00042682601504561704,74940,0,full,74972,32,0.00042682601504561704,https://hadleyserver.metoffice.gov.uk/hadobs/hadisd/v343_2025f/data/hadisd.3.4.3.2025f_19310101-20250829_788461-99999.nc.gz
788461-99999,PSS,sea-level pressure straight string,0,0,nan,0,0,full,0,0,nan,https://hadleyserver.metoffice.gov.uk/hadobs/hadisd/v343_2025f/data/hadisd.3.4.3.2025f_19310101-20250829_788461-99999.nc.gz
788461-99999,RSS,wind direction straight string,5283,0,0.0,5283,0,full,5283,0,0.0,https://hadleyserver.metoffice.gov.uk/hadobs/hadisd/v343_2025f/data/hadisd.3.4.3.2025f_19310101-20250829_788461-99999.nc.gz
702606-96401,TSS,temperature straight string,34649,13,0.0003751912032093278,34636,0,full,34649,13,0.0003751912032093278,https://hadleyserver.metoffice.gov.uk/hadobs/hadisd/v343_2025f/data/hadisd.3.4.3.2025f_19310101-20250829_702606-96401.nc.gz
702606-96401,DSS,dew point straight string,32869,13,0.0003955094465910128,32856,0,full,32869,13,0.0003955094465910128,https://hadleyserver.metoffice.gov.uk/hadobs/hadisd/v343_2025f/data/hadisd.3.4.3.2025f_19310101-20250829_702606-96401.nc.gz
702606-96401,WSS,wind speed straight string,33048,0,0.0,33048,0,full,33048,0,0.0,https://hadleyserver.metoffice.gov.uk/hadobs/hadisd/v343_2025f/data/hadisd.3.4.3.2025f_19310101-20250829_702606-96401.nc.gz
702606-96401,PSS,sea-level pressure straight string,0,0,nan,0,0,full,0,0,nan,https://hadleyserver.metoffice.gov.uk/hadobs/hadisd/v343_2025f/data/hadisd.3.4.3.2025f_19310101-20250829_702606-96401.nc.gz
702606-96401,RSS,wind direction straight string,692,140,0.2023121387283237,552,1,full,692,140,0.2023121387283237,https://hadleyserver.metoffice.gov.uk/hadobs/hadisd/v343_2025f/data/hadisd.3.4.3.2025f_19310101-20250829_702606-96401.nc.gz
724064-99999,TSS,temperature straight string,40729,71,0.001743229639814383,40658,1,full,40729,71,0.001743229639814383,https://hadleyserver.metoffice.gov.uk/hadobs/hadisd/v343_2025f/data/hadisd.3.4.3.2025f_19310101-20250829_724064-99999.nc.gz
724064-99999,DSS,dew point straight string,38647,71,0.0018371413046290785,38576,1,full,38647,71,0.0018371413046290785,https://hadleyserver.metoffice.gov.uk/hadobs/hadisd/v343_2025f/data/hadisd.3.4.3.2025f_19310101-20250829_724064-99999.nc.gz
724064-99999,WSS,wind speed straight string,40532,0,0.0,40532,0,full,40532,0,0.0,https://hadleyserver.metoffice.gov.uk/hadobs/hadisd/v343_2025f/data/hadisd.3.4.3.2025f_19310101-20250829_724064-99999.nc.gz
724064-99999,PSS,sea-level pressure straight string,2802,0,0.0,2802,0,full,2802,0,0.0,https://hadleyserver.metoffice.gov.uk/hadobs/hadisd/v343_2025f/data/hadisd.3.4.3.2025f_19310101-20250829_724064-99999.nc.gz
724064-99999,RSS,wind direction straight string,483,182,0.37681159420289856,301,1,full,483,182,0.37681159420289856,https://hadleyserver.metoffice.gov.uk/hadobs/hadisd/v343_2025f/data/hadisd.3.4.3.2025f_19310101-20250829_724064-99999.nc.gz
725055-99999,TSS,temperature straight string,43199,0,0.0,43199,0,full,43199,0,0.0,https://hadleyserver.metoffice.gov.uk/hadobs/hadisd/v343_2025f/data/hadisd.3.4.3.2025f_19310101-20250829_725055-99999.nc.gz
725055-99999,DSS,dew point straight string,0,0,nan,0,0,full,0,0,nan,https://hadleyserver.metoffice.gov.uk/hadobs/hadisd/v343_2025f/data/hadisd.3.4.3.2025f_19310101-20250829_725055-99999.nc.gz
725055-99999,WSS,wind speed straight string,40870,0,0.0,40870,0,full,40870,0,0.0,https://hadleyserver.metoffice.gov.uk/hadobs/hadisd/v343_2025f/data/hadisd.3.4.3.2025f_19310101-20250829_725055-99999.nc.gz
725055-99999,PSS,sea-level pressure straight string,40785,0,0.0,40785,0,full,40785,0,0.0,https://hadleyserver.metoffice.gov.uk/hadobs/hadisd/v343_2025f/data/hadisd.3.4.3.2025f_19310101-20250829_725055-99999.nc.gz
725055-99999,RSS,wind direction straight string,2884,19,0.006588072122052704,2865,0,full,2884,19,0.006588072122052704,https://hadleyserver.metoffice.gov.uk/hadobs/hadisd/v343_2025f/data/hadisd.3.4.3.2025f_19310101-20250829_725055-99999.nc.gz
724686-99999,TSS,temperature straight string,35151,0,0.0,35151,0,full,35151,0,0.0,https://hadleyserver.metoffice.gov.uk/hadobs/hadisd/v343_2025f/data/hadisd.3.4.3.2025f_19310101-20250829_724686-99999.nc.gz
724686-99999,DSS,dew point straight string,35077,0,0.0,35077,0,full,35077,0,0.0,https://hadleyserver.metoffice.gov.uk/hadobs/hadisd/v343_2025f/data/hadisd.3.4.3.2025f_19310101-20250829_724686-99999.nc.gz
724686-99999,WSS,wind speed straight string,35189,0,0.0,35189,0,full,35189,0,0.0,https://hadleyserver.metoffice.gov.uk/hadobs/hadisd/v343_2025f/data/hadisd.3.4.3.2025f_19310101-20250829_724686-99999.nc.gz
724686-99999,PSS,sea-level pressure straight string,34941,0,0.0,34941,0,full,34941,0,0.0,https://hadleyserver.metoffice.gov.uk/hadobs/hadisd/v343_2025f/data/hadisd.3.4.3.2025f_19310101-20250829_724686-99999.nc.gz
724686-99999,RSS,wind direction straight string,235,0,0.0,235,0,full,235,0,0.0,https://hadleyserver.metoffice.gov.uk/hadobs/hadisd/v343_2025f/data/hadisd.3.4.3.2025f_19310101-20250829_724686-99999.nc.gz
789460-99999,TSS,temperature straight string,36681,0,0.0,36681,0,full,36681,0,0.0,https://hadleyserver.metoffice.gov.uk/hadobs/hadisd/v343_2025f/data/hadisd.3.4.3.2025f_19310101-20250829_789460-99999.nc.gz
789460-99999,DSS,dew point straight string,25689,0,0.0,25689,0,full,25689,0,0.0,https://hadleyserver.metoffice.gov.uk/hadobs/hadisd/v343_2025f/data/hadisd.3.4.3.2025f_19310101-20250829_789460-99999.nc.gz
789460-99999,WSS,wind speed straight string,36730,0,0.0,36730,0,full,36730,0,0.0,https://hadleyserver.metoffice.gov.uk/hadobs/hadisd/v343_2025f/data/hadisd.3.4.3.2025f_19310101-20250829_789460-99999.nc.gz
789460-99999,PSS,sea-level pressure straight string,34514,0,0.0,34514,0,full,34514,0,0.0,https://hadleyserver.metoffice.gov.uk/hadobs/hadisd/v343_2025f/data/hadisd.3.4.3.2025f_19310101-20250829_789460-99999.nc.gz
789460-99999,RSS,wind direction straight string,367,360,0.9809264305177112,7,0,full,367,360,0.9809264305177112,https://hadleyserver.metoffice.gov.uk/hadobs/hadisd/v343_2025f/data/hadisd.3.4.3.2025f_19310101-20250829_789460-99999.nc.gz
722561-99999,TSS,temperature straight string,75536,0,0.0,75536,0,full,75536,0,0.0,https://hadleyserver.metoffice.gov.uk/hadobs/hadisd/v343_2025f/data/hadisd.3.4.3.2025f_19310101-20250829_722561-99999.nc.gz
722561-99999,DSS,dew point straight string,75529,61,0.0008076368017582651,75468,1,full,75529,61,0.0008076368017582651,https://hadleyserver.metoffice.gov.uk/hadobs/hadisd/v343_2025f/data/hadisd.3.4.3.2025f_19310101-20250829_722561-99999.nc.gz
722561-99999,WSS,wind speed straight string,75260,0,0.0,75260,0,full,75260,0,0.0,https://hadleyserver.metoffice.gov.uk/hadobs/hadisd/v343_2025f/data/hadisd.3.4.3.2025f_19310101-20250829_722561-99999.nc.gz
722561-99999,PSS,sea-level pressure straight string,0,0,nan,0,0,full,0,0,nan,https://hadleyserver.metoffice.gov.uk/hadobs/hadisd/v343_2025f/data/hadisd.3.4.3.2025f_19310101-20250829_722561-99999.nc.gz
722561-99999,RSS,wind direction straight string,674,392,0.5816023738872403,282,1,full,674,392,0.5816023738872403,https://hadleyserver.metoffice.gov.uk/hadobs/hadisd/v343_2025f/data/hadisd.3.4.3.2025f_19310101-20250829_722561-99999.nc.gz
726376-99999,TSS,temperature straight string,52596,43,0.000817552665601947,52553,0,full,52596,43,0.000817552665601947,https://hadleyserver.metoffice.gov.uk/hadobs/hadisd/v343_2025f/data/hadisd.3.4.3.2025f_19310101-20250829_726376-99999.nc.gz
726376-99999,DSS,dew point straight string,0,0,nan,0,0,full,0,0,nan,https://hadleyserver.metoffice.gov.uk/hadobs/hadisd/v343_2025f/data/hadisd.3.4.3.2025f_19310101-20250829_726376-99999.nc.gz
726376-99999,WSS,wind speed straight string,52786,0,0.0,52786,0,full,52786,0,0.0,https://hadleyserver.metoffice.gov.uk/hadobs/hadisd/v343_2025f/data/hadisd.3.4.3.2025f_19310101-20250829_726376-99999.nc.gz
726376-99999,PSS,sea-level pressure straight string,52564,0,0.0,52564,0,full,52564,0,0.0,https://hadleyserver.metoffice.gov.uk/hadobs/hadisd/v343_2025f/data/hadisd.3.4.3.2025f_19310101-20250829_726376-99999.nc.gz
726376-99999,RSS,wind direction straight string,161,125,0.7763975155279503,36,0,full,161,125,0.7763975155279503,https://hadleyserver.metoffice.gov.uk/hadobs/hadisd/v343_2025f/data/hadisd.3.4.3.2025f_19310101-20250829_726376-99999.nc.gz
783460-99999,TSS,temperature straight string,55350,17,0.0003071364046973803,55333,0,full,55350,17,0.0003071364046973803,https://hadleyserver.metoffice.gov.uk/hadobs/hadisd/v343_2025f/data/hadisd.3.4.3.2025f_19310101-20250829_783460-99999.nc.gz
783460-99999,DSS,dew point straight string,50438,424,0.008406360283912923,50014,1,full,50438,424,0.008406360283912923,https://hadleyserver.metoffice.gov.uk/hadobs/hadisd/v343_2025f/data/hadisd.3.4.3.2025f_19310101-20250829_783460-99999.nc.gz
783460-99999,WSS,wind speed straight string,56143,180,0.0032060987122170172,55963,1,full,56143,180,0.0032060987122170172,https://hadleyserver.metoffice.gov.uk/hadobs/hadisd/v343_2025f/data/hadisd.3.4.3.2025f_19310101-20250829_783460-99999.nc.gz
783460-99999,PSS,sea-level pressure straight string,5924,0,0.0,5924,0,full,5924,0,0.0,https://hadleyserver.metoffice.gov.uk/hadobs/hadisd/v343_2025f/data/hadisd.3.4.3.2025f_19310101-20250829_783460-99999.nc.gz
783460-99999,RSS,wind direction straight string,464,0,0.0,464,0,full,464,0,0.0,https://hadleyserver.metoffice.gov.uk/hadobs/hadisd/v343_2025f/data/hadisd.3.4.3.2025f_19310101-20250829_783460-99999.nc.gz
725285-99999,TSS,temperature straight string,54158,0,0.0,54158,0,full,54158,0,0.0,https://hadleyserver.metoffice.gov.uk/hadobs/hadisd/v343_2025f/data/hadisd.3.4.3.2025f_19310101-20250829_725285-99999.nc.gz
725285-99999,DSS,dew point straight string,0,0,nan,0,0,full,0,0,nan,https://hadleyserver.metoffice.gov.uk/hadobs/hadisd/v343_2025f/data/hadisd.3.4.3.2025f_19310101-20250829_725285-99999.nc.gz
725285-99999,WSS,wind speed straight string,56337,0,0.0,56337,0,full,56337,0,0.0,https://hadleyserver.metoffice.gov.uk/hadobs/hadisd/v343_2025f/data/hadisd.3.4.3.2025f_19310101-20250829_725285-99999.nc.gz
725285-99999,PSS,sea-level pressure straight string,57210,0,0.0,57210,0,full,57210,0,0.0,https://hadleyserver.metoffice.gov.uk/hadobs/hadisd/v343_2025f/data/hadisd.3.4.3.2025f_19310101-20250829_725285-99999.nc.gz
725285-99999,RSS,wind direction straight string,494,361,0.7307692307692307,133,0,full,494,361,0.7307692307692307,https://hadleyserver.metoffice.gov.uk/hadobs/hadisd/v343_2025f/data/hadisd.3.4.3.2025f_19310101-20250829_725285-99999.nc.gz
787421-99999,TSS,temperature straight string,72760,15,0.00020615722924683893,72745,0,full,72760,15,0.00020615722924683893,https://hadleyserver.metoffice.gov.uk/hadobs/hadisd/v343_2025f/data/hadisd.3.4.3.2025f_19310101-20250829_787421-99999.nc.gz
787421-99999,DSS,dew point straight string,71879,0,0.0,71879,0,full,71879,0,0.0,https://hadleyserver.metoffice.gov.uk/hadobs/hadisd/v343_2025f/data/hadisd.3.4.3.2025f_19310101-20250829_787421-99999.nc.gz
787421-99999,WSS,wind speed straight string,72701,0,0.0,72701,0,full,72701,0,0.0,https://hadleyserver.metoffice.gov.uk/hadobs/hadisd/v343_2025f/data/hadisd.3.4.3.2025f_19310101-20250829_787421-99999.nc.gz
787421-99999,PSS,sea-level pressure straight string,3116,0,0.0,3116,0,full,3116,0,0.0,https://hadleyserver.metoffice.gov.uk/hadobs/hadisd/v343_2025f/data/hadisd.3.4.3.2025f_19310101-20250829_787421-99999.nc.gz
787421-99999,RSS,wind direction straight string,82,0,0.0,82,0,full,82,0,0.0,https://hadleyserver.metoffice.gov.uk/hadobs/hadisd/v343_2025f/data/hadisd.3.4.3.2025f_19310101-20250829_787421-99999.nc.gz
747550-99999,TSS,temperature straight string,39051,0,0.0,39051,0,full,39051,0,0.0,https://hadleyserver.metoffice.gov.uk/hadobs/hadisd/v343_2025f/data/hadisd.3.4.3.2025f_19310101-20250829_747550-99999.nc.gz
747550-99999,DSS,dew point straight string,37283,0,0.0,37283,0,full,37283,0,0.0,https://hadleyserver.metoffice.gov.uk/hadobs/hadisd/v343_2025f/data/hadisd.3.4.3.2025f_19310101-20250829_747550-99999.nc.gz
747550-99999,WSS,wind speed straight string,41462,0,0.0,41462,0,full,41462,0,0.0,https://hadleyserver.metoffice.gov.uk/hadobs/hadisd/v343_2025f/data/hadisd.3.4.3.2025f_19310101-20250829_747550-99999.nc.gz
747550-99999,PSS,sea-level pressure straight string,27375,0,0.0,27375,0,full,27375,0,0.0,https://hadleyserver.metoffice.gov.uk/hadobs/hadisd/v343_2025f/data/hadisd.3.4.3.2025f_19310101-20250829_747550-99999.nc.gz
747550-99999,RSS,wind direction straight string,276,20,0.07246376811594203,256,0,full,276,20,0.07246376811594203,https://hadleyserver.metoffice.gov.uk/hadobs/hadisd/v343_2025f/data/hadisd.3.4.3.2025f_19310101-20250829_747550-99999.nc.gz
718432-99999,TSS,temperature straight string,54221,0,0.0,54221,0,full,54221,0,0.0,https://hadleyserver.metoffice.gov.uk/hadobs/hadisd/v343_2025f/data/hadisd.3.4.3.2025f_19310101-20250829_718432-99999.nc.gz
718432-99999,DSS,dew point straight string,54158,0,0.0,54158,0,full,54158,0,0.0,https://hadleyserver.metoffice.gov.uk/hadobs/hadisd/v343_2025f/data/hadisd.3.4.3.2025f_19310101-20250829_718432-99999.nc.gz
718432-99999,WSS,wind speed straight string,54260,0,0.0,54260,0,full,54260,0,0.0,https://hadleyserver.metoffice.gov.uk/hadobs/hadisd/v343_2025f/data/hadisd.3.4.3.2025f_19310101-20250829_718432-99999.nc.gz
718432-99999,PSS,sea-level pressure straight string,53087,0,0.0,53087,0,full,53087,0,0.0,https://hadleyserver.metoffice.gov.uk/hadobs/hadisd/v343_2025f/data/hadisd.3.4.3.2025f_19310101-20250829_718432-99999.nc.gz
718432-99999,RSS,wind direction straight string,65,0,0.0,65,0,full,65,0,0.0,https://hadleyserver.metoffice.gov.uk/hadobs/hadisd/v343_2025f/data/hadisd.3.4.3.2025f_19310101-20250829_718432-99999.nc.gz
725385-99999,TSS,temperature straight string,50113,36,0.000718376469179654,50077,0,full,50113,36,0.000718376469179654,https://hadleyserver.metoffice.gov.uk/hadobs/hadisd/v343_2025f/data/hadisd.3.4.3.2025f_19310101-20250829_725385-99999.nc.gz
725385-99999,DSS,dew point straight string,0,0,nan,0,0,full,0,0,nan,https://hadleyserver.metoffice.gov.uk/hadobs/hadisd/v343_2025f/data/hadisd.3.4.3.2025f_19310101-20250829_725385-99999.nc.gz
725385-99999,WSS,wind speed straight string,47852,0,0.0,47852,0,full,47852,0,0.0,https://hadleyserver.metoffice.gov.uk/hadobs/hadisd/v343_2025f/data/hadisd.3.4.3.2025f_19310101-20250829_725385-99999.nc.gz
725385-99999,PSS,sea-level pressure straight string,46319,15,0.0003238411882812669,46304,0,full,46319,15,0.0003238411882812669,https://hadleyserver.metoffice.gov.uk/hadobs/hadisd/v343_2025f/data/hadisd.3.4.3.2025f_19310101-20250829_725385-99999.nc.gz
725385-99999,RSS,wind direction straight string,420,394,0.9380952380952381,26,0,full,420,394,0.9380952380952381,https://hadleyserver.metoffice.gov.uk/hadobs/hadisd/v343_2025f/data/hadisd.3.4.3.2025f_19310101-20250829_725385-99999.nc.gz
725215-99999,TSS,temperature straight string,53340,14,0.00026246719160104987,53326,0,full,53340,14,0.00026246719160104987,https://hadleyserver.metoffice.gov.uk/hadobs/hadisd/v343_2025f/data/hadisd.3.4.3.2025f_19310101-20250829_725215-99999.nc.gz
725215-99999,DSS,dew point straight string,11,0,0.0,11,0,full,11,0,0.0,https://hadleyserver.metoffice.gov.uk/hadobs/hadisd/v343_2025f/data/hadisd.3.4.3.2025f_19310101-20250829_725215-99999.nc.gz
725215-99999,WSS,wind speed straight string,52255,33,0.0006315185149746436,52222,0,full,52255,33,0.0006315185149746436,https://hadleyserver.metoffice.gov.uk/hadobs/hadisd/v343_2025f/data/hadisd.3.4.3.2025f_19310101-20250829_725215-99999.nc.gz
725215-99999,PSS,sea-level pressure straight string,54838,0,0.0,54838,0,full,54838,0,0.0,https://hadleyserver.metoffice.gov.uk/hadobs/hadisd/v343_2025f/data/hadisd.3.4.3.2025f_19310101-20250829_725215-99999.nc.gz
725215-99999,RSS,wind direction straight string,532,255,0.4793233082706767,277,1,full,532,255,0.4793233082706767,https://hadleyserver.metoffice.gov.uk/hadobs/hadisd/v343_2025f/data/hadisd.3.4.3.2025f_19310101-20250829_725215-99999.nc.gz
786372-99999,TSS,temperature straight string,76490,0,0.0,76490,0,full,76490,0,0.0,https://hadleyserver.metoffice.gov.uk/hadobs/hadisd/v343_2025f/data/hadisd.3.4.3.2025f_19310101-20250829_786372-99999.nc.gz
786372-99999,DSS,dew point straight string,76402,54,0.0007067877804245962,76348,1,full,76402,54,0.0007067877804245962,https://hadleyserver.metoffice.gov.uk/hadobs/hadisd/v343_2025f/data/hadisd.3.4.3.2025f_19310101-20250829_786372-99999.nc.gz
786372-99999,WSS,wind speed straight string,76493,0,0.0,76493,0,full,76493,0,0.0,https://hadleyserver.metoffice.gov.uk/hadobs/hadisd/v343_2025f/data/hadisd.3.4.3.2025f_19310101-20250829_786372-99999.nc.gz
786372-99999,PSS,sea-level pressure straight string,1,0,0.0,1,0,full,1,0,0.0,https://hadleyserver.metoffice.gov.uk/hadobs/hadisd/v343_2025f/data/hadisd.3.4.3.2025f_19310101-20250829_786372-99999.nc.gz
786372-99999,RSS,wind direction straight string,3350,3292,0.9826865671641791,58,0,full,3350,3292,0.9826865671641791,https://hadleyserver.metoffice.gov.uk/hadobs/hadisd/v343_2025f/data/hadisd.3.4.3.2025f_19310101-20250829_786372-99999.nc.gz
718433-99999,TSS,temperature straight string,53589,0,0.0,53589,0,full,53589,0,0.0,https://hadleyserver.metoffice.gov.uk/hadobs/hadisd/v343_2025f/data/hadisd.3.4.3.2025f_19310101-20250829_718433-99999.nc.gz
718433-99999,DSS,dew point straight string,53553,74,0.0013818086755177114,53479,1,full,53553,74,0.0013818086755177114,https://hadleyserver.metoffice.gov.uk/hadobs/hadisd/v343_2025f/data/hadisd.3.4.3.2025f_19310101-20250829_718433-99999.nc.gz
718433-99999,WSS,wind speed straight string,53632,276,0.00514618138424821,53356,1,full,53632,276,0.00514618138424821,https://hadleyserver.metoffice.gov.uk/hadobs/hadisd/v343_2025f/data/hadisd.3.4.3.2025f_19310101-20250829_718433-99999.nc.gz
718433-99999,PSS,sea-level pressure straight string,53224,0,0.0,53224,0,full,53224,0,0.0,https://hadleyserver.metoffice.gov.uk/hadobs/hadisd/v343_2025f/data/hadisd.3.4.3.2025f_19310101-20250829_718433-99999.nc.gz
718433-99999,RSS,wind direction straight string,749,432,0.5767690253671562,317,1,full,749,432,0.5767690253671562,https://hadleyserver.metoffice.gov.uk/hadobs/hadisd/v343_2025f/data/hadisd.3.4.3.2025f_19310101-20250829_718433-99999.nc.gz
718443-99999,TSS,temperature straight string,54835,34,0.0006200419440138598,54801,0,full,54835,34,0.0006200419440138598,https://hadleyserver.metoffice.gov.uk/hadobs/hadisd/v343_2025f/data/hadisd.3.4.3.2025f_19310101-20250829_718443-99999.nc.gz
718443-99999,DSS,dew point straight string,54700,0,0.0,54700,0,full,54700,0,0.0,https://hadleyserver.metoffice.gov.uk/hadobs/hadisd/v343_2025f/data/hadisd.3.4.3.2025f_19310101-20250829_718443-99999.nc.gz
718443-99999,WSS,wind speed straight string,54962,1919,0.03491503220406827,53043,1,full,54962,1919,0.03491503220406827,https://hadleyserver.metoffice.gov.uk/hadobs/hadisd/v343_2025f/data/hadisd.3.4.3.2025f_19310101-20250829_718443-99999.nc.gz
718443-99999,PSS,sea-level pressure straight string,44585,0,0.0,44585,0,full,44585,0,0.0,https://hadleyserver.metoffice.gov.uk/hadobs/hadisd/v343_2025f/data/hadisd.3.4.3.2025f_19310101-20250829_718443-99999.nc.gz
718443-99999,RSS,wind direction straight string,2400,425,0.17708333333333334,1975,1,full,2400,425,0.17708333333333334,https://hadleyserver.metoffice.gov.uk/hadobs/hadisd/v343_2025f/data/hadisd.3.4.3.2025f_19310101-20250829_718443-99999.nc.gz
767503-99999,TSS,temperature straight string,77871,0,0.0,77871,0,full,77871,0,0.0,https://hadleyserver.metoffice.gov.uk/hadobs/hadisd/v343_2025f/data/hadisd.3.4.3.2025f_19310101-20250829_767503-99999.nc.gz
767503-99999,DSS,dew point straight string,77793,159,0.0020438856966565116,77634,1,full,77793,159,0.0020438856966565116,https://hadleyserver.metoffice.gov.uk/hadobs/hadisd/v343_2025f/data/hadisd.3.4.3.2025f_19310101-20250829_767503-99999.nc.gz
767503-99999,WSS,wind speed straight string,77833,0,0.0,77833,0,full,77833,0,0.0,https://hadleyserver.metoffice.gov.uk/hadobs/hadisd/v343_2025f/data/hadisd.3.4.3.2025f_19310101-20250829_767503-99999.nc.gz
767503-99999,PSS,sea-level pressure straight string,3,0,0.0,3,0,full,3,0,0.0,https://hadleyserver.metoffice.gov.uk/hadobs/hadisd/v343_2025f/data/hadisd.3.4.3.2025f_19310101-20250829_767503-99999.nc.gz
767503-99999,RSS,wind direction straight string,1381,0,0.0,1381,0,full,1381,0,0.0,https://hadleyserver.metoffice.gov.uk/hadobs/hadisd/v343_2025f/data/hadisd.3.4.3.2025f_19310101-20250829_767503-99999.nc.gz
746300-99999,TSS,temperature straight string,39235,0,0.0,39235,0,full,39235,0,0.0,https://hadleyserver.metoffice.gov.uk/hadobs/hadisd/v343_2025f/data/hadisd.3.4.3.2025f_19310101-20250829_746300-99999.nc.gz
746300-99999,DSS,dew point straight string,39165,0,0.0,39165,0,full,39165,0,0.0,https://hadleyserver.metoffice.gov.uk/hadobs/hadisd/v343_2025f/data/hadisd.3.4.3.2025f_19310101-20250829_746300-99999.nc.gz
746300-99999,WSS,wind speed straight string,39119,0,0.0,39119,0,full,39119,0,0.0,https://hadleyserver.metoffice.gov.uk/hadobs/hadisd/v343_2025f/data/hadisd.3.4.3.2025f_19310101-20250829_746300-99999.nc.gz
746300-99999,PSS,sea-level pressure straight string,2555,0,0.0,2555,0,full,2555,0,0.0,https://hadleyserver.metoffice.gov.uk/hadobs/hadisd/v343_2025f/data/hadisd.3.4.3.2025f_19310101-20250829_746300-99999.nc.gz
746300-99999,RSS,wind direction straight string,4190,14,0.003341288782816229,4176,0,full,4190,14,0.003341288782816229,https://hadleyserver.metoffice.gov.uk/hadobs/hadisd/v343_2025f/data/hadisd.3.4.3.2025f_19310101-20250829_746300-99999.nc.gz
784575-99999,TSS,temperature straight string,84533,16,0.00018927519430281665,84517,0,full,84533,16,0.00018927519430281665,https://hadleyserver.metoffice.gov.uk/hadobs/hadisd/v343_2025f/data/hadisd.3.4.3.2025f_19310101-20250829_784575-99999.nc.gz
784575-99999,DSS,dew point straight string,84464,26,0.0003078234514112521,84438,0,full,84464,26,0.0003078234514112521,https://hadleyserver.metoffice.gov.uk/hadobs/hadisd/v343_2025f/data/hadisd.3.4.3.2025f_19310101-20250829_784575-99999.nc.gz
784575-99999,WSS,wind speed straight string,84574,733,0.008666966207108568,83841,1,full,84574,733,0.008666966207108568,https://hadleyserver.metoffice.gov.uk/hadobs/hadisd/v343_2025f/data/hadisd.3.4.3.2025f_19310101-20250829_784575-99999.nc.gz
784575-99999,PSS,sea-level pressure straight string,0,0,nan,0,0,full,0,0,nan,https://hadleyserver.metoffice.gov.uk/hadobs/hadisd/v343_2025f/data/hadisd.3.4.3.2025f_19310101-20250829_784575-99999.nc.gz
784575-99999,RSS,wind direction straight string,864,75,0.08680555555555555,789,1,full,864,75,0.08680555555555555,https://hadleyserver.metoffice.gov.uk/hadobs/hadisd/v343_2025f/data/hadisd.3.4.3.2025f_19310101-20250829_784575-99999.nc.gz
725249-99999,TSS,temperature straight string,58347,0,0.0,58347,0,full,58347,0,0.0,https://hadleyserver.metoffice.gov.uk/hadobs/hadisd/v343_2025f/data/hadisd.3.4.3.2025f_19310101-20250829_725249-99999.nc.gz
725249-99999,DSS,dew point straight string,0,0,nan,0,0,full,0,0,nan,https://hadleyserver.metoffice.gov.uk/hadobs/hadisd/v343_2025f/data/hadisd.3.4.3.2025f_19310101-20250829_725249-99999.nc.gz
725249-99999,WSS,wind speed straight string,57940,0,0.0,57940,0,full,57940,0,0.0,https://hadleyserver.metoffice.gov.uk/hadobs/hadisd/v343_2025f/data/hadisd.3.4.3.2025f_19310101-20250829_725249-99999.nc.gz
725249-99999,PSS,sea-level pressure straight string,57674,0,0.0,57674,0,full,57674,0,0.0,https://hadleyserver.metoffice.gov.uk/hadobs/hadisd/v343_2025f/data/hadisd.3.4.3.2025f_19310101-20250829_725249-99999.nc.gz
725249-99999,RSS,wind direction straight string,810,28,0.0345679012345679,782,0,full,810,28,0.0345679012345679,https://hadleyserver.metoffice.gov.uk/hadobs/hadisd/v343_2025f/data/hadisd.3.4.3.2025f_19310101-20250829_725249-99999.nc.gz
718915-99999,TSS,temperature straight string,73675,24,0.000325755005089922,73651,0,full,73675,24,0.000325755005089922,https://hadleyserver.metoffice.gov.uk/hadobs/hadisd/v343_2025f/data/hadisd.3.4.3.2025f_19310101-20250829_718915-99999.nc.gz
718915-99999,DSS,dew point straight string,73587,185,0.0025140310109122536,73402,1,full,73587,185,0.0025140310109122536,https://hadleyserver.metoffice.gov.uk/hadobs/hadisd/v343_2025f/data/hadisd.3.4.3.2025f_19310101-20250829_718915-99999.nc.gz
718915-99999,WSS,wind speed straight string,72461,0,0.0,72461,0,full,72461,0,0.0,https://hadleyserver.metoffice.gov.uk/hadobs/hadisd/v343_2025f/data/hadisd.3.4.3.2025f_19310101-20250829_718915-99999.nc.gz
718915-99999,PSS,sea-level pressure straight string,58,0,0.0,58,0,full,58,0,0.0,https://hadleyserver.metoffice.gov.uk/hadobs/hadisd/v343_2025f/data/hadisd.3.4.3.2025f_19310101-20250829_718915-99999.nc.gz
718915-99999,RSS,wind direction straight string,5250,3528,0.672,1722,1,full,5250,3528,0.672,https://hadleyserver.metoffice.gov.uk/hadobs/hadisd/v343_2025f/data/hadisd.3.4.3.2025f_19310101-20250829_718915-99999.nc.gz
719035-99999,TSS,temperature straight string,53636,26,0.0004847490491460959,53610,0,full,53636,26,0.0004847490491460959,https://hadleyserver.metoffice.gov.uk/hadobs/hadisd/v343_2025f/data/hadisd.3.4.3.2025f_19310101-20250829_719035-99999.nc.gz
719035-99999,DSS,dew point straight string,53587,0,0.0,53587,0,full,53587,0,0.0,https://hadleyserver.metoffice.gov.uk/hadobs/hadisd/v343_2025f/data/hadisd.3.4.3.2025f_19310101-20250829_719035-99999.nc.gz
719035-99999,WSS,wind speed straight string,53923,15,0.00027817443391502697,53908,0,full,53923,15,0.00027817443391502697,https://hadleyserver.metoffice.gov.uk/hadobs/hadisd/v343_2025f/data/hadisd.3.4.3.2025f_19310101-20250829_719035-99999.nc.gz
719035-99999,PSS,sea-level pressure straight string,53534,0,0.0,53534,0,full,53534,0,0.0,https://hadleyserver.metoffice.gov.uk/hadobs/hadisd/v343_2025f/data/hadisd.3.4.3.2025f_19310101-20250829_719035-99999.nc.gz
719035-99999,RSS,wind direction straight string,904,54,0.059734513274336286,850,1,full,904,54,0.059734513274336286,https://hadleyserver.metoffice.gov.uk/hadobs/hadisd/v343_2025f/data/hadisd.3.4.3.2025f_19310101-20250829_719035-99999.nc.gz
726377-99999,TSS,temperature straight string,56932,0,0.0,56932,0,full,56932,0,0.0,https://hadleyserver.metoffice.gov.uk/hadobs/hadisd/v343_2025f/data/hadisd.3.4.3.2025f_19310101-20250829_726377-99999.nc.gz
726377-99999,DSS,dew point straight string,0,0,nan,0,0,full,0,0,nan,https://hadleyserver.metoffice.gov.uk/hadobs/hadisd/v343_2025f/data/hadisd.3.4.3.2025f_19310101-20250829_726377-99999.nc.gz
726377-99999,WSS,wind speed straight string,57160,0,0.0,57160,0,full,57160,0,0.0,https://hadleyserver.metoffice.gov.uk/hadobs/hadisd/v343_2025f/data/hadisd.3.4.3.2025f_19310101-20250829_726377-99999.nc.gz
726377-99999,PSS,sea-level pressure straight string,43375,0,0.0,43375,0,full,43375,0,0.0,https://hadleyserver.metoffice.gov.uk/hadobs/hadisd/v343_2025f/data/hadisd.3.4.3.2025f_19310101-20250829_726377-99999.nc.gz
726377-99999,RSS,wind direction straight string,488,255,0.5225409836065574,233,1,full,488,255,0.5225409836065574,https://hadleyserver.metoffice.gov.uk/hadobs/hadisd/v343_2025f/data/hadisd.3.4.3.2025f_19310101-20250829_726377-99999.nc.gz
725896-99999,TSS,temperature straight string,41637,0,0.0,41637,0,full,41637,0,0.0,https://hadleyserver.metoffice.gov.uk/hadobs/hadisd/v343_2025f/data/hadisd.3.4.3.2025f_19310101-20250829_725896-99999.nc.gz
725896-99999,DSS,dew point straight string,41463,0,0.0,41463,0,full,41463,0,0.0,https://hadleyserver.metoffice.gov.uk/hadobs/hadisd/v343_2025f/data/hadisd.3.4.3.2025f_19310101-20250829_725896-99999.nc.gz
725896-99999,WSS,wind speed straight string,41608,0,0.0,41608,0,full,41608,0,0.0,https://hadleyserver.metoffice.gov.uk/hadobs/hadisd/v343_2025f/data/hadisd.3.4.3.2025f_19310101-20250829_725896-99999.nc.gz
725896-99999,PSS,sea-level pressure straight string,41328,0,0.0,41328,0,full,41328,0,0.0,https://hadleyserver.metoffice.gov.uk/hadobs/hadisd/v343_2025f/data/hadisd.3.4.3.2025f_19310101-20250829_725896-99999.nc.gz
725896-99999,RSS,wind direction straight string,1415,0,0.0,1415,0,full,1415,0,0.0,https://hadleyserver.metoffice.gov.uk/hadobs/hadisd/v343_2025f/data/hadisd.3.4.3.2025f_19310101-20250829_725896-99999.nc.gz
726407-99999,TSS,temperature straight string,58314,17,0.00029152519120622837,58297,0,full,58314,17,0.00029152519120622837,https://hadleyserver.metoffice.gov.uk/hadobs/hadisd/v343_2025f/data/hadisd.3.4.3.2025f_19310101-20250829_726407-99999.nc.gz
726407-99999,DSS,dew point straight string,0,0,nan,0,0,full,0,0,nan,https://hadleyserver.metoffice.gov.uk/hadobs/hadisd/v343_2025f/data/hadisd.3.4.3.2025f_19310101-20250829_726407-99999.nc.gz
726407-99999,WSS,wind speed straight string,60527,0,0.0,60527,0,full,60527,0,0.0,https://hadleyserver.metoffice.gov.uk/hadobs/hadisd/v343_2025f/data/hadisd.3.4.3.2025f_19310101-20250829_726407-99999.nc.gz
726407-99999,PSS,sea-level pressure straight string,60860,0,0.0,60860,0,full,60860,0,0.0,https://hadleyserver.metoffice.gov.uk/hadobs/hadisd/v343_2025f/data/hadisd.3.4.3.2025f_19310101-20250829_726407-99999.nc.gz
726407-99999,RSS,wind direction straight string,226,208,0.9203539823008849,18,0,full,226,208,0.9203539823008849,https://hadleyserver.metoffice.gov.uk/hadobs/hadisd/v343_2025f/data/hadisd.3.4.3.2025f_19310101-20250829_726407-99999.nc.gz
724289-99999,TSS,temperature straight string,61065,0,0.0,61065,0,full,61065,0,0.0,https://hadleyserver.metoffice.gov.uk/hadobs/hadisd/v343_2025f/data/hadisd.3.4.3.2025f_19310101-20250829_724289-99999.nc.gz
724289-99999,DSS,dew point straight string,0,0,nan,0,0,full,0,0,nan,https://hadleyserver.metoffice.gov.uk/hadobs/hadisd/v343_2025f/data/hadisd.3.4.3.2025f_19310101-20250829_724289-99999.nc.gz
724289-99999,WSS,wind speed straight string,60980,16,0.0002623811085601837,60964,0,full,60980,16,0.0002623811085601837,https://hadleyserver.metoffice.gov.uk/hadobs/hadisd/v343_2025f/data/hadisd.3.4.3.2025f_19310101-20250829_724289-99999.nc.gz
724289-99999,PSS,sea-level pressure straight string,53258,0,0.0,53258,0,full,53258,0,0.0,https://hadleyserver.metoffice.gov.uk/hadobs/hadisd/v343_2025f/data/hadisd.3.4.3.2025f_19310101-20250829_724289-99999.nc.gz
724289-99999,RSS,wind direction straight string,630,326,0.5174603174603175,304,1,full,630,326,0.5174603174603175,https://hadleyserver.metoffice.gov.uk/hadobs/hadisd/v343_2025f/data/hadisd.3.4.3.2025f_19310101-20250829_724289-99999.nc.gz
786445-99999,TSS,temperature straight string,78835,0,0.0,78835,0,full,78835,0,0.0,https://hadleyserver.metoffice.gov.uk/hadobs/hadisd/v343_2025f/data/hadisd.3.4.3.2025f_19310101-20250829_786445-99999.nc.gz
786445-99999,DSS,dew point straight string,78698,19,0.00024142926122646064,78679,0,full,78698,19,0.00024142926122646064,https://hadleyserver.metoffice.gov.uk/hadobs/hadisd/v343_2025f/data/hadisd.3.4.3.2025f_19310101-20250829_786445-99999.nc.gz
786445-99999,WSS,wind speed straight string,78843,0,0.0,78843,0,full,78843,0,0.0,https://hadleyserver.metoffice.gov.uk/hadobs/hadisd/v343_2025f/data/hadisd.3.4.3.2025f_19310101-20250829_786445-99999.nc.gz
786445-99999,PSS,sea-level pressure straight string,474,0,0.0,474,0,full,474,0,0.0,https://hadleyserver.metoffice.gov.uk/hadobs/hadisd/v343_2025f/data/hadisd.3.4.3.2025f_19310101-20250829_786445-99999.nc.gz
786445-99999,RSS,wind direction straight string,825,0,0.0,825,0,full,825,0,0.0,https://hadleyserver.metoffice.gov.uk/hadobs/hadisd/v343_2025f/data/hadisd.3.4.3.2025f_19310101-20250829_786445-99999.nc.gz
718964-99999,TSS,temperature straight string,59681,32,0.0005361840451735058,59649,0,full,59681,32,0.0005361840451735058,https://hadleyserver.metoffice.gov.uk/hadobs/hadisd/v343_2025f/data/hadisd.3.4.3.2025f_19310101-20250829_718964-99999.nc.gz
718964-99999,DSS,dew point straight string,59550,18,0.00030226700251889167,59532,0,full,59550,18,0.00030226700251889167,https://hadleyserver.metoffice.gov.uk/hadobs/hadisd/v343_2025f/data/hadisd.3.4.3.2025f_19310101-20250829_718964-99999.nc.gz
718964-99999,WSS,wind speed straight string,59570,41,0.00068826590565721,59529,0,full,59570,41,0.00068826590565721,https://hadleyserver.metoffice.gov.uk/hadobs/hadisd/v343_2025f/data/hadisd.3.4.3.2025f_19310101-20250829_718964-99999.nc.gz
718964-99999,PSS,sea-level pressure straight string,59268,0,0.0,59268,0,full,59268,0,0.0,https://hadleyserver.metoffice.gov.uk/hadobs/hadisd/v343_2025f/data/hadisd.3.4.3.2025f_19310101-20250829_718964-99999.nc.gz
718964-99999,RSS,wind direction straight string,529,0,0.0,529,0,full,529,0,0.0,https://hadleyserver.metoffice.gov.uk/hadobs/hadisd/v343_2025f/data/hadisd.3.4.3.2025f_19310101-20250829_718964-99999.nc.gz
784865-99999,TSS,temperature straight string,86216,0,0.0,86216,0,full,86216,0,0.0,https://hadleyserver.metoffice.gov.uk/hadobs/hadisd/v343_2025f/data/hadisd.3.4.3.2025f_19310101-20250829_784865-99999.nc.gz
784865-99999,DSS,dew point straight string,86135,52,0.0006037034887095838,86083,1,full,86135,52,0.0006037034887095838,https://hadleyserver.metoffice.gov.uk/hadobs/hadisd/v343_2025f/data/hadisd.3.4.3.2025f_19310101-20250829_784865-99999.nc.gz
784865-99999,WSS,wind speed straight string,86339,0,0.0,86339,0,full,86339,0,0.0,https://hadleyserver.metoffice.gov.uk/hadobs/hadisd/v343_2025f/data/hadisd.3.4.3.2025f_19310101-20250829_784865-99999.nc.gz
784865-99999,PSS,sea-level pressure straight string,0,0,nan,0,0,full,0,0,nan,https://hadleyserver.metoffice.gov.uk/hadobs/hadisd/v343_2025f/data/hadisd.3.4.3.2025f_19310101-20250829_784865-99999.nc.gz
784865-99999,RSS,wind direction straight string,313,29,0.0926517571884984,284,0,full,313,29,0.0926517571884984,https://hadleyserver.metoffice.gov.uk/hadobs/hadisd/v343_2025f/data/hadisd.3.4.3.2025f_19310101-20250829_784865-99999.nc.gz
786310-99999,TSS,temperature straight string,78317,0,0.0,78317,0,full,78317,0,0.0,https://hadleyserver.metoffice.gov.uk/hadobs/hadisd/v343_2025f/data/hadisd.3.4.3.2025f_19310101-20250829_786310-99999.nc.gz
786310-99999,DSS,dew point straight string,78276,0,0.0,78276,0,full,78276,0,0.0,https://hadleyserver.metoffice.gov.uk/hadobs/hadisd/v343_2025f/data/hadisd.3.4.3.2025f_19310101-20250829_786310-99999.nc.gz
786310-99999,WSS,wind speed straight string,78378,0,0.0,78378,0,full,78378,0,0.0,https://hadleyserver.metoffice.gov.uk/hadobs/hadisd/v343_2025f/data/hadisd.3.4.3.2025f_19310101-20250829_786310-99999.nc.gz
786310-99999,PSS,sea-level pressure straight string,10,0,0.0,10,0,full,10,0,0.0,https://hadleyserver.metoffice.gov.uk/hadobs/hadisd/v343_2025f/data/hadisd.3.4.3.2025f_19310101-20250829_786310-99999.nc.gz
786310-99999,RSS,wind direction straight string,519,94,0.1811175337186898,425,1,full,519,94,0.1811175337186898,https://hadleyserver.metoffice.gov.uk/hadobs/hadisd/v343_2025f/data/hadisd.3.4.3.2025f_19310101-20250829_786310-99999.nc.gz
726775-99999,TSS,temperature straight string,55229,0,0.0,55229,0,full,55229,0,0.0,https://hadleyserver.metoffice.gov.uk/hadobs/hadisd/v343_2025f/data/hadisd.3.4.3.2025f_19310101-20250829_726775-99999.nc.gz
726775-99999,DSS,dew point straight string,55087,0,0.0,55087,0,full,55087,0,0.0,https://hadleyserver.metoffice.gov.uk/hadobs/hadisd/v343_2025f/data/hadisd.3.4.3.2025f_19310101-20250829_726775-99999.nc.gz
726775-99999,WSS,wind speed straight string,55259,0,0.0,55259,0,full,55259,0,0.0,https://hadleyserver.metoffice.gov.uk/hadobs/hadisd/v343_2025f/data/hadisd.3.4.3.2025f_19310101-20250829_726775-99999.nc.gz
726775-99999,PSS,sea-level pressure straight string,27,0,0.0,27,0,full,27,0,0.0,https://hadleyserver.metoffice.gov.uk/hadobs/hadisd/v343_2025f/data/hadisd.3.4.3.2025f_19310101-20250829_726775-99999.nc.gz
726775-99999,RSS,wind direction straight string,35,0,0.0,35,0,full,35,0,0.0,https://hadleyserver.metoffice.gov.uk/hadobs/hadisd/v343_2025f/data/hadisd.3.4.3.2025f_19310101-20250829_726775-99999.nc.gz
760051-99999,TSS,temperature straight string,76768,0,0.0,76768,0,full,76768,0,0.0,https://hadleyserver.metoffice.gov.uk/hadobs/hadisd/v343_2025f/data/hadisd.3.4.3.2025f_19310101-20250829_760051-99999.nc.gz
760051-99999,DSS,dew point straight string,73050,132,0.0018069815195071869,72918,1,full,73050,132,0.0018069815195071869,https://hadleyserver.metoffice.gov.uk/hadobs/hadisd/v343_2025f/data/hadisd.3.4.3.2025f_19310101-20250829_760051-99999.nc.gz
760051-99999,WSS,wind speed straight string,74618,0,0.0,74618,0,full,74618,0,0.0,https://hadleyserver.metoffice.gov.uk/hadobs/hadisd/v343_2025f/data/hadisd.3.4.3.2025f_19310101-20250829_760051-99999.nc.gz
760051-99999,PSS,sea-level pressure straight string,169,0,0.0,169,0,full,169,0,0.0,https://hadleyserver.metoffice.gov.uk/hadobs/hadisd/v343_2025f/data/hadisd.3.4.3.2025f_19310101-20250829_760051-99999.nc.gz
760051-99999,RSS,wind direction straight string,958,20,0.020876826722338204,938,0,full,958,20,0.020876826722338204,https://hadleyserver.metoffice.gov.uk/hadobs/hadisd/v343_2025f/data/hadisd.3.4.3.2025f_19310101-20250829_760051-99999.nc.gz
710514-99999,TSS,temperature straight string,61001,0,0.0,61001,0,full,61001,0,0.0,https://hadleyserver.metoffice.gov.uk/hadobs/hadisd/v343_2025f/data/hadisd.3.4.3.2025f_19310101-20250829_710514-99999.nc.gz
710514-99999,DSS,dew point straight string,60993,0,0.0,60993,0,full,60993,0,0.0,https://hadleyserver.metoffice.gov.uk/hadobs/hadisd/v343_2025f/data/hadisd.3.4.3.2025f_19310101-20250829_710514-99999.nc.gz
710514-99999,WSS,wind speed straight string,61247,0,0.0,61247,0,full,61247,0,0.0,https://hadleyserver.metoffice.gov.uk/hadobs/hadisd/v343_2025f/data/hadisd.3.4.3.2025f_19310101-20250829_710514-99999.nc.gz
710514-99999,PSS,sea-level pressure straight string,60742,0,0.0,60742,0,full,60742,0,0.0,https://hadleyserver.metoffice.gov.uk/hadobs/hadisd/v343_2025f/data/hadisd.3.4.3.2025f_19310101-20250829_710514-99999.nc.gz
710514-99999,RSS,wind direction straight string,16,16,1.0,0,0,full,16,16,1.0,https://hadleyserver.metoffice.gov.uk/hadobs/hadisd/v343_2025f/data/hadisd.3.4.3.2025f_19310101-20250829_710514-99999.nc.gz
783210-99999,TSS,temperature straight string,39579,0,0.0,39579,0,full,39579,0,0.0,https://hadleyserver.metoffice.gov.uk/hadobs/hadisd/v343_2025f/data/hadisd.3.4.3.2025f_19310101-20250829_783210-99999.nc.gz
783210-99999,DSS,dew point straight string,39267,14,0.00035653347594672373,39253,0,full,39267,14,0.00035653347594672373,https://hadleyserver.metoffice.gov.uk/hadobs/hadisd/v343_2025f/data/hadisd.3.4.3.2025f_19310101-20250829_783210-99999.nc.gz
783210-99999,WSS,wind speed straight string,39684,0,0.0,39684,0,full,39684,0,0.0,https://hadleyserver.metoffice.gov.uk/hadobs/hadisd/v343_2025f/data/hadisd.3.4.3.2025f_19310101-20250829_783210-99999.nc.gz
783210-99999,PSS,sea-level pressure straight string,39631,0,0.0,39631,0,full,39631,0,0.0,https://hadleyserver.metoffice.gov.uk/hadobs/hadisd/v343_2025f/data/hadisd.3.4.3.2025f_19310101-20250829_783210-99999.nc.gz
783210-99999,RSS,wind direction straight string,243,0,0.0,243,0,full,243,0,0.0,https://hadleyserver.metoffice.gov.uk/hadobs/hadisd/v343_2025f/data/hadisd.3.4.3.2025f_19310101-20250829_783210-99999.nc.gz
765752-99999,TSS,temperature straight string,64941,0,0.0,64941,0,full,64941,0,0.0,https://hadleyserver.metoffice.gov.uk/hadobs/hadisd/v343_2025f/data/hadisd.3.4.3.2025f_19310101-20250829_765752-99999.nc.gz
765752-99999,DSS,dew point straight string,62141,0,0.0,62141,0,full,62141,0,0.0,https://hadleyserver.metoffice.gov.uk/hadobs/hadisd/v343_2025f/data/hadisd.3.4.3.2025f_19310101-20250829_765752-99999.nc.gz
765752-99999,WSS,wind speed straight string,67942,0,0.0,67942,0,full,67942,0,0.0,https://hadleyserver.metoffice.gov.uk/hadobs/hadisd/v343_2025f/data/hadisd.3.4.3.2025f_19310101-20250829_765752-99999.nc.gz
765752-99999,PSS,sea-level pressure straight string,1612,0,0.0,1612,0,full,1612,0,0.0,https://hadleyserver.metoffice.gov.uk/hadobs/hadisd/v343_2025f/data/hadisd.3.4.3.2025f_19310101-20250829_765752-99999.nc.gz
765752-99999,RSS,wind direction straight string,494,173,0.35020242914979755,321,1,full,494,173,0.35020242914979755,https://hadleyserver.metoffice.gov.uk/hadobs/hadisd/v343_2025f/data/hadisd.3.4.3.2025f_19310101-20250829_765752-99999.nc.gz
718431-99999,TSS,temperature straight string,60454,25,0.000413537565752473,60429,0,full,60454,25,0.000413537565752473,https://hadleyserver.metoffice.gov.uk/hadobs/hadisd/v343_2025f/data/hadisd.3.4.3.2025f_19310101-20250829_718431-99999.nc.gz
718431-99999,DSS,dew point straight string,60158,61,0.0010139964759466739,60097,1,full,60158,61,0.0010139964759466739,https://hadleyserver.metoffice.gov.uk/hadobs/hadisd/v343_2025f/data/hadisd.3.4.3.2025f_19310101-20250829_718431-99999.nc.gz
718431-99999,WSS,wind speed straight string,60554,0,0.0,60554,0,full,60554,0,0.0,https://hadleyserver.metoffice.gov.uk/hadobs/hadisd/v343_2025f/data/hadisd.3.4.3.2025f_19310101-20250829_718431-99999.nc.gz
718431-99999,PSS,sea-level pressure straight string,59774,0,0.0,59774,0,full,59774,0,0.0,https://hadleyserver.metoffice.gov.uk/hadobs/hadisd/v343_2025f/data/hadisd.3.4.3.2025f_19310101-20250829_718431-99999.nc.gz
718431-99999,RSS,wind direction straight string,438,284,0.6484018264840182,154,1,full,438,284,0.6484018264840182,https://hadleyserver.metoffice.gov.uk/hadobs/hadisd/v343_2025f/data/hadisd.3.4.3.2025f_19310101-20250829_718431-99999.nc.gz
718442-99999,TSS,temperature straight string,60600,0,0.0,60600,0,full,60600,0,0.0,https://hadleyserver.metoffice.gov.uk/hadobs/hadisd/v343_2025f/data/hadisd.3.4.3.2025f_19310101-20250829_718442-99999.nc.gz
718442-99999,DSS,dew point straight string,60566,45,0.0007429911171284219,60521,0,full,60566,45,0.0007429911171284219,https://hadleyserver.metoffice.gov.uk/hadobs/hadisd/v343_2025f/data/hadisd.3.4.3.2025f_19310101-20250829_718442-99999.nc.gz
718442-99999,WSS,wind speed straight string,60716,0,0.0,60716,0,full,60716,0,0.0,https://hadleyserver.metoffice.gov.uk/hadobs/hadisd/v343_2025f/data/hadisd.3.4.3.2025f_19310101-20250829_718442-99999.nc.gz
718442-99999,PSS,sea-level pressure straight string,60312,0,0.0,60312,0,full,60312,0,0.0,https://hadleyserver.metoffice.gov.uk/hadobs/hadisd/v343_2025f/data/hadisd.3.4.3.2025f_19310101-20250829_718442-99999.nc.gz
718442-99999,RSS,wind direction straight string,4725,43,0.0091005291005291,4682,0,full,4725,43,0.0091005291005291,https://hadleyserver.metoffice.gov.uk/hadobs/hadisd/v343_2025f/data/hadisd.3.4.3.2025f_19310101-20250829_718442-99999.nc.gz
764125-99999,TSS,temperature straight string,78614,0,0.0,78614,0,full,78614,0,0.0,https://hadleyserver.metoffice.gov.uk/hadobs/hadisd/v343_2025f/data/hadisd.3.4.3.2025f_19310101-20250829_764125-99999.nc.gz
764125-99999,DSS,dew point straight string,74219,19,0.00025599913768711515,74200,0,full,74219,19,0.00025599913768711515,https://hadleyserver.metoffice.gov.uk/hadobs/hadisd/v343_2025f/data/hadisd.3.4.3.2025f_19310101-20250829_764125-99999.nc.gz
764125-99999,WSS,wind speed straight string,74221,0,0.0,74221,0,full,74221,0,0.0,https://hadleyserver.metoffice.gov.uk/hadobs/hadisd/v343_2025f/data/hadisd.3.4.3.2025f_19310101-20250829_764125-99999.nc.gz
764125-99999,PSS,sea-level pressure straight string,1771,0,0.0,1771,0,full,1771,0,0.0,https://hadleyserver.metoffice.gov.uk/hadobs/hadisd/v343_2025f/data/hadisd.3.4.3.2025f_19310101-20250829_764125-99999.nc.gz
764125-99999,RSS,wind direction straight string,101,0,0.0,101,0,full,101,0,0.0,https://hadleyserver.metoffice.gov.uk/hadobs/hadisd/v343_2025f/data/hadisd.3.4.3.2025f_19310101-20250829_764125-99999.nc.gz
785500-99999,TSS,temperature straight string,90600,0,0.0,90600,0,full,90600,0,0.0,https://hadleyserver.metoffice.gov.uk/hadobs/hadisd/v343_2025f/data/hadisd.3.4.3.2025f_19310101-20250829_785500-99999.nc.gz
785500-99999,DSS,dew point straight string,89890,0,0.0,89890,0,full,89890,0,0.0,https://hadleyserver.metoffice.gov.uk/hadobs/hadisd/v343_2025f/data/hadisd.3.4.3.2025f_19310101-20250829_785500-99999.nc.gz
785500-99999,WSS,wind speed straight string,91639,0,0.0,91639,0,full,91639,0,0.0,https://hadleyserver.metoffice.gov.uk/hadobs/hadisd/v343_2025f/data/hadisd.3.4.3.2025f_19310101-20250829_785500-99999.nc.gz
785500-99999,PSS,sea-level pressure straight string,4276,0,0.0,4276,0,full,4276,0,0.0,https://hadleyserver.metoffice.gov.uk/hadobs/hadisd/v343_2025f/data/hadisd.3.4.3.2025f_19310101-20250829_785500-99999.nc.gz
785500-99999,RSS,wind direction straight string,693,0,0.0,693,0,full,693,0,0.0,https://hadleyserver.metoffice.gov.uk/hadobs/hadisd/v343_2025f/data/hadisd.3.4.3.2025f_19310101-20250829_785500-99999.nc.gz
701045-26649,TSS,temperature straight string,58914,24,0.00040737345961910584,58890,0,full,58914,24,0.00040737345961910584,https://hadleyserver.metoffice.gov.uk/hadobs/hadisd/v343_2025f/data/hadisd.3.4.3.2025f_19310101-20250829_701045-26649.nc.gz
701045-26649,DSS,dew point straight string,58610,469,0.008002047432178808,58141,1,full,58610,469,0.008002047432178808,https://hadleyserver.metoffice.gov.uk/hadobs/hadisd/v343_2025f/data/hadisd.3.4.3.2025f_19310101-20250829_701045-26649.nc.gz
701045-26649,WSS,wind speed straight string,58764,0,0.0,58764,0,full,58764,0,0.0,https://hadleyserver.metoffice.gov.uk/hadobs/hadisd/v343_2025f/data/hadisd.3.4.3.2025f_19310101-20250829_701045-26649.nc.gz
701045-26649,PSS,sea-level pressure straight string,17,0,0.0,17,0,full,17,0,0.0,https://hadleyserver.metoffice.gov.uk/hadobs/hadisd/v343_2025f/data/hadisd.3.4.3.2025f_19310101-20250829_701045-26649.nc.gz
701045-26649,RSS,wind direction straight string,117,45,0.38461538461538464,72,0,full,117,45,0.38461538461538464,https://hadleyserver.metoffice.gov.uk/hadobs/hadisd/v343_2025f/data/hadisd.3.4.3.2025f_19310101-20250829_701045-26649.nc.gz
715700-99999,TSS,temperature straight string,41916,0,0.0,41916,0,full,41916,0,0.0,https://hadleyserver.metoffice.gov.uk/hadobs/hadisd/v343_2025f/data/hadisd.3.4.3.2025f_19310101-20250829_715700-99999.nc.gz
715700-99999,DSS,dew point straight string,41454,0,0.0,41454,0,full,41454,0,0.0,https://hadleyserver.metoffice.gov.uk/hadobs/hadisd/v343_2025f/data/hadisd.3.4.3.2025f_19310101-20250829_715700-99999.nc.gz
715700-99999,WSS,wind speed straight string,41917,0,0.0,41917,0,full,41917,0,0.0,https://hadleyserver.metoffice.gov.uk/hadobs/hadisd/v343_2025f/data/hadisd.3.4.3.2025f_19310101-20250829_715700-99999.nc.gz
715700-99999,PSS,sea-level pressure straight string,41814,0,0.0,41814,0,full,41814,0,0.0,https://hadleyserver.metoffice.gov.uk/hadobs/hadisd/v343_2025f/data/hadisd.3.4.3.2025f_19310101-20250829_715700-99999.nc.gz
715700-99999,RSS,wind direction straight string,5745,0,0.0,5745,0,full,5745,0,0.0,https://hadleyserver.metoffice.gov.uk/hadobs/hadisd/v343_2025f/data/hadisd.3.4.3.2025f_19310101-20250829_715700-99999.nc.gz
718275-99999,TSS,temperature straight string,85290,415,0.004865752139758471,84875,1,full,85290,415,0.004865752139758471,https://hadleyserver.metoffice.gov.uk/hadobs/hadisd/v343_2025f/data/hadisd.3.4.3.2025f_19310101-20250829_718275-99999.nc.gz
718275-99999,DSS,dew point straight string,84336,0,0.0,84336,0,full,84336,0,0.0,https://hadleyserver.metoffice.gov.uk/hadobs/hadisd/v343_2025f/data/hadisd.3.4.3.2025f_19310101-20250829_718275-99999.nc.gz
718275-99999,WSS,wind speed straight string,85580,134,0.0015657863986912831,85446,1,full,85580,134,0.0015657863986912831,https://hadleyserver.metoffice.gov.uk/hadobs/hadisd/v343_2025f/data/hadisd.3.4.3.2025f_19310101-20250829_718275-99999.nc.gz
718275-99999,PSS,sea-level pressure straight string,36104,0,0.0,36104,0,full,36104,0,0.0,https://hadleyserver.metoffice.gov.uk/hadobs/hadisd/v343_2025f/data/hadisd.3.4.3.2025f_19310101-20250829_718275-99999.nc.gz
718275-99999,RSS,wind direction straight string,308,168,0.5454545454545454,140,1,full,308,168,0.5454545454545454,https://hadleyserver.metoffice.gov.uk/hadobs/hadisd/v343_2025f/data/hadisd.3.4.3.2025f_19310101-20250829_718275-99999.nc.gz
720339-00121,TSS,temperature straight string,83404,13,0.00015586782408517577,83391,0,full,83404,13,0.00015586782408517577,https://hadleyserver.metoffice.gov.uk/hadobs/hadisd/v343_2025f/data/hadisd.3.4.3.2025f_19310101-20250829_720339-00121.nc.gz
720339-00121,DSS,dew point straight string,83280,21,0.00025216138328530257,83259,0,full,83280,21,0.00025216138328530257,https://hadleyserver.metoffice.gov.uk/hadobs/hadisd/v343_2025f/data/hadisd.3.4.3.2025f_19310101-20250829_720339-00121.nc.gz
720339-00121,WSS,wind speed straight string,83377,0,0.0,83377,0,full,83377,0,0.0,https://hadleyserver.metoffice.gov.uk/hadobs/hadisd/v343_2025f/data/hadisd.3.4.3.2025f_19310101-20250829_720339-00121.nc.gz
720339-00121,PSS,sea-level pressure straight string,0,0,nan,0,0,full,0,0,nan,https://hadleyserver.metoffice.gov.uk/hadobs/hadisd/v343_2025f/data/hadisd.3.4.3.2025f_19310101-20250829_720339-00121.nc.gz
720339-00121,RSS,wind direction straight string,2846,0,0.0,2846,0,full,2846,0,0.0,https://hadleyserver.metoffice.gov.uk/hadobs/hadisd/v343_2025f/data/hadisd.3.4.3.2025f_19310101-20250829_720339-00121.nc.gz
723490-99999,TSS,temperature straight string,49048,350,0.00713586690588811,48698,1,full,49048,350,0.00713586690588811,https://hadleyserver.metoffice.gov.uk/hadobs/hadisd/v343_2025f/data/hadisd.3.4.3.2025f_19310101-20250829_723490-99999.nc.gz
723490-99999,DSS,dew point straight string,48953,848,0.017322738136579984,48105,1,full,48953,848,0.017322738136579984,https://hadleyserver.metoffice.gov.uk/hadobs/hadisd/v343_2025f/data/hadisd.3.4.3.2025f_19310101-20250829_723490-99999.nc.gz
723490-99999,WSS,wind speed straight string,49131,0,0.0,49131,0,full,49131,0,0.0,https://hadleyserver.metoffice.gov.uk/hadobs/hadisd/v343_2025f/data/hadisd.3.4.3.2025f_19310101-20250829_723490-99999.nc.gz
723490-99999,PSS,sea-level pressure straight string,40627,0,0.0,40627,0,full,40627,0,0.0,https://hadleyserver.metoffice.gov.uk/hadobs/hadisd/v343_2025f/data/hadisd.3.4.3.2025f_19310101-20250829_723490-99999.nc.gz
723490-99999,RSS,wind direction straight string,32,13,0.40625,19,0,full,32,13,0.40625,https://hadleyserver.metoffice.gov.uk/hadobs/hadisd/v343_2025f/data/hadisd.3.4.3.2025f_19310101-20250829_723490-99999.nc.gz
726987-99999,TSS,temperature straight string,64492,35,0.0005427029709111208,64457,0,full,64492,35,0.0005427029709111208,https://hadleyserver.metoffice.gov.uk/hadobs/hadisd/v343_2025f/data/hadisd.3.4.3.2025f_19310101-20250829_726987-99999.nc.gz
726987-99999,DSS,dew point straight string,64372,59,0.0009165475672652707,64313,1,full,64372,59,0.0009165475672652707,https://hadleyserver.metoffice.gov.uk/hadobs/hadisd/v343_2025f/data/hadisd.3.4.3.2025f_19310101-20250829_726987-99999.nc.gz
726987-99999,WSS,wind speed straight string,64362,0,0.0,64362,0,full,64362,0,0.0,https://hadleyserver.metoffice.gov.uk/hadobs/hadisd/v343_2025f/data/hadisd.3.4.3.2025f_19310101-20250829_726987-99999.nc.gz
726987-99999,PSS,sea-level pressure straight string,19642,0,0.0,19642,0,full,19642,0,0.0,https://hadleyserver.metoffice.gov.uk/hadobs/hadisd/v343_2025f/data/hadisd.3.4.3.2025f_19310101-20250829_726987-99999.nc.gz
726987-99999,RSS,wind direction straight string,421,198,0.47030878859857483,223,1,full,421,198,0.47030878859857483,https://hadleyserver.metoffice.gov.uk/hadobs/hadisd/v343_2025f/data/hadisd.3.4.3.2025f_19310101-20250829_726987-99999.nc.gz
746950-99999,TSS,temperature straight string,61467,0,0.0,61467,0,full,61467,0,0.0,https://hadleyserver.metoffice.gov.uk/hadobs/hadisd/v343_2025f/data/hadisd.3.4.3.2025f_19310101-20250829_746950-99999.nc.gz
746950-99999,DSS,dew point straight string,61203,169,0.0027613025505285687,61034,1,full,61203,169,0.0027613025505285687,https://hadleyserver.metoffice.gov.uk/hadobs/hadisd/v343_2025f/data/hadisd.3.4.3.2025f_19310101-20250829_746950-99999.nc.gz
746950-99999,WSS,wind speed straight string,61821,0,0.0,61821,0,full,61821,0,0.0,https://hadleyserver.metoffice.gov.uk/hadobs/hadisd/v343_2025f/data/hadisd.3.4.3.2025f_19310101-20250829_746950-99999.nc.gz
746950-99999,PSS,sea-level pressure straight string,24286,0,0.0,24286,0,full,24286,0,0.0,https://hadleyserver.metoffice.gov.uk/hadobs/hadisd/v343_2025f/data/hadisd.3.4.3.2025f_19310101-20250829_746950-99999.nc.gz
746950-99999,RSS,wind direction straight string,239,28,0.11715481171548117,211,0,full,239,28,0.11715481171548117,https://hadleyserver.metoffice.gov.uk/hadobs/hadisd/v343_2025f/data/hadisd.3.4.3.2025f_19310101-20250829_746950-99999.nc.gz
760751-99999,TSS,temperature straight string,55191,0,0.0,55191,0,full,55191,0,0.0,https://hadleyserver.metoffice.gov.uk/hadobs/hadisd/v343_2025f/data/hadisd.3.4.3.2025f_19310101-20250829_760751-99999.nc.gz
760751-99999,DSS,dew point straight string,47726,0,0.0,47726,0,full,47726,0,0.0,https://hadleyserver.metoffice.gov.uk/hadobs/hadisd/v343_2025f/data/hadisd.3.4.3.2025f_19310101-20250829_760751-99999.nc.gz
760751-99999,WSS,wind speed straight string,70486,0,0.0,70486,0,full,70486,0,0.0,https://hadleyserver.metoffice.gov.uk/hadobs/hadisd/v343_2025f/data/hadisd.3.4.3.2025f_19310101-20250829_760751-99999.nc.gz
760751-99999,PSS,sea-level pressure straight string,6142,0,0.0,6142,0,full,6142,0,0.0,https://hadleyserver.metoffice.gov.uk/hadobs/hadisd/v343_2025f/data/hadisd.3.4.3.2025f_19310101-20250829_760751-99999.nc.gz
760751-99999,RSS,wind direction straight string,53,0,0.0,53,0,full,53,0,0.0,https://hadleyserver.metoffice.gov.uk/hadobs/hadisd/v343_2025f/data/hadisd.3.4.3.2025f_19310101-20250829_760751-99999.nc.gz
763825-99999,TSS,temperature straight string,66209,0,0.0,66209,0,full,66209,0,0.0,https://hadleyserver.metoffice.gov.uk/hadobs/hadisd/v343_2025f/data/hadisd.3.4.3.2025f_19310101-20250829_763825-99999.nc.gz
763825-99999,DSS,dew point straight string,54791,0,0.0,54791,0,full,54791,0,0.0,https://hadleyserver.metoffice.gov.uk/hadobs/hadisd/v343_2025f/data/hadisd.3.4.3.2025f_19310101-20250829_763825-99999.nc.gz
763825-99999,WSS,wind speed straight string,66135,0,0.0,66135,0,full,66135,0,0.0,https://hadleyserver.metoffice.gov.uk/hadobs/hadisd/v343_2025f/data/hadisd.3.4.3.2025f_19310101-20250829_763825-99999.nc.gz
763825-99999,PSS,sea-level pressure straight string,608,0,0.0,608,0,full,608,0,0.0,https://hadleyserver.metoffice.gov.uk/hadobs/hadisd/v343_2025f/data/hadisd.3.4.3.2025f_19310101-20250829_763825-99999.nc.gz
763825-99999,RSS,wind direction straight string,59,0,0.0,59,0,full,59,0,0.0,https://hadleyserver.metoffice.gov.uk/hadobs/hadisd/v343_2025f/data/hadisd.3.4.3.2025f_19310101-20250829_763825-99999.nc.gz
783830-99999,TSS,temperature straight string,55221,139,0.002517158327447891,55082,1,full,55221,139,0.002517158327447891,https://hadleyserver.metoffice.gov.uk/hadobs/hadisd/v343_2025f/data/hadisd.3.4.3.2025f_19310101-20250829_783830-99999.nc.gz
783830-99999,DSS,dew point straight string,40586,141,0.0034741043709653574,40445,1,full,40586,141,0.0034741043709653574,https://hadleyserver.metoffice.gov.uk/hadobs/hadisd/v343_2025f/data/hadisd.3.4.3.2025f_19310101-20250829_783830-99999.nc.gz
783830-99999,WSS,wind speed straight string,45725,0,0.0,45725,0,full,45725,0,0.0,https://hadleyserver.metoffice.gov.uk/hadobs/hadisd/v343_2025f/data/hadisd.3.4.3.2025f_19310101-20250829_783830-99999.nc.gz
783830-99999,PSS,sea-level pressure straight string,38608,0,0.0,38608,0,full,38608,0,0.0,https://hadleyserver.metoffice.gov.uk/hadobs/hadisd/v343_2025f/data/hadisd.3.4.3.2025f_19310101-20250829_783830-99999.nc.gz
783830-99999,RSS,wind direction straight string,285,0,0.0,285,0,full,285,0,0.0,https://hadleyserver.metoffice.gov.uk/hadobs/hadisd/v343_2025f/data/hadisd.3.4.3.2025f_19310101-20250829_783830-99999.nc.gz
786475-99999,TSS,temperature straight string,83857,0,0.0,83857,0,full,83857,0,0.0,https://hadleyserver.metoffice.gov.uk/hadobs/hadisd/v343_2025f/data/hadisd.3.4.3.2025f_19310101-20250829_786475-99999.nc.gz
786475-99999,DSS,dew point straight string,83763,0,0.0,83763,0,full,83763,0,0.0,https://hadleyserver.metoffice.gov.uk/hadobs/hadisd/v343_2025f/data/hadisd.3.4.3.2025f_19310101-20250829_786475-99999.nc.gz
786475-99999,WSS,wind speed straight string,83340,0,0.0,83340,0,full,83340,0,0.0,https://hadleyserver.metoffice.gov.uk/hadobs/hadisd/v343_2025f/data/hadisd.3.4.3.2025f_19310101-20250829_786475-99999.nc.gz
786475-99999,PSS,sea-level pressure straight string,0,0,nan,0,0,full,0,0,nan,https://hadleyserver.metoffice.gov.uk/hadobs/hadisd/v343_2025f/data/hadisd.3.4.3.2025f_19310101-20250829_786475-99999.nc.gz
786475-99999,RSS,wind direction straight string,1750,836,0.4777142857142857,914,1,full,1750,836,0.4777142857142857,https://hadleyserver.metoffice.gov.uk/hadobs/hadisd/v343_2025f/data/hadisd.3.4.3.2025f_19310101-20250829_786475-99999.nc.gz
787838-99999,TSS,temperature straight string,14849,15,0.0010101690349518487,14834,0,full,14849,15,0.0010101690349518487,https://hadleyserver.metoffice.gov.uk/hadobs/hadisd/v343_2025f/data/hadisd.3.4.3.2025f_19310101-20250829_787838-99999.nc.gz
787838-99999,DSS,dew point straight string,14758,48,0.0032524732348556715,14710,0,full,14758,48,0.0032524732348556715,https://hadleyserver.metoffice.gov.uk/hadobs/hadisd/v343_2025f/data/hadisd.3.4.3.2025f_19310101-20250829_787838-99999.nc.gz
787838-99999,WSS,wind speed straight string,95052,0,0.0,95052,0,full,95052,0,0.0,https://hadleyserver.metoffice.gov.uk/hadobs/hadisd/v343_2025f/data/hadisd.3.4.3.2025f_19310101-20250829_787838-99999.nc.gz
787838-99999,PSS,sea-level pressure straight string,0,0,nan,0,0,full,0,0,nan,https://hadleyserver.metoffice.gov.uk/hadobs/hadisd/v343_2025f/data/hadisd.3.4.3.2025f_19310101-20250829_787838-99999.nc.gz
787838-99999,RSS,wind direction straight string,545,390,0.7155963302752294,155,0,full,545,390,0.7155963302752294,https://hadleyserver.metoffice.gov.uk/hadobs/hadisd/v343_2025f/data/hadisd.3.4.3.2025f_19310101-20250829_787838-99999.nc.gz
