dataset_id,dataset,target,epsilon,seed,fault_mode,dropout_length,rho_normal,rho_dropout,fault_rate,method,auroc,auprc,recall_at_1pct_fpr,median_detection_delay,segment_iou_at_1pct_fpr
air_quality,UCI Air Quality,C6H6(GT),0.5,0,dropout,16,0.01,0.25,0.15008337965536409,privsaf_dropout_hmm,0.9508659738875567,0.8322447443780598,0.8823529411764706,2.0,0.4825174825174825
air_quality,UCI Air Quality,C6H6(GT),0.5,0,dropout,16,0.01,0.25,0.15008337965536409,rolling_missing_fraction,0.9331988954291113,0.7380168788342614,0.8235294117647058,2.0,0.551948051948052
air_quality,UCI Air Quality,C6H6(GT),0.5,1,dropout,16,0.01,0.25,0.15008337965536409,privsaf_dropout_hmm,0.9698980209771577,0.8904435946026139,0.8823529411764706,1.0,0.6538461538461539
air_quality,UCI Air Quality,C6H6(GT),0.5,1,dropout,16,0.01,0.25,0.15008337965536409,rolling_missing_fraction,0.9405384783082624,0.7474954482683344,0.7647058823529411,4.0,0.4838709677419355
air_quality,UCI Air Quality,C6H6(GT),0.5,2,dropout,16,0.01,0.25,0.15008337965536409,privsaf_dropout_hmm,0.9713877382942131,0.8695796361064628,0.7647058823529411,2.0,0.5104895104895105
air_quality,UCI Air Quality,C6H6(GT),0.5,2,dropout,16,0.01,0.25,0.15008337965536409,rolling_missing_fraction,0.9513891916769613,0.7650039881680688,0.7647058823529411,3.0,0.5050167224080268
air_quality,UCI Air Quality,C6H6(GT),0.5,0,dropout,16,0.01,0.5,0.15008337965536409,privsaf_dropout_hmm,0.9901460649662088,0.9558462617112607,0.9411764705882353,0.0,0.7447552447552448
air_quality,UCI Air Quality,C6H6(GT),0.5,0,dropout,16,0.01,0.5,0.15008337965536409,rolling_missing_fraction,0.9809522079306252,0.8837914108986493,0.8823529411764706,1.0,0.6493055555555556
air_quality,UCI Air Quality,C6H6(GT),0.5,1,dropout,16,0.01,0.5,0.15008337965536409,privsaf_dropout_hmm,0.9974420463629096,0.98518759073534,1.0,0.0,0.8461538461538461
air_quality,UCI Air Quality,C6H6(GT),0.5,1,dropout,16,0.01,0.5,0.15008337965536409,rolling_missing_fraction,0.9822699416224596,0.8815651769733255,0.9411764705882353,2.0,0.6321070234113713
air_quality,UCI Air Quality,C6H6(GT),0.5,2,dropout,16,0.01,0.5,0.15008337965536409,privsaf_dropout_hmm,0.996797713344476,0.9859300690787923,1.0,0.0,0.8776223776223776
air_quality,UCI Air Quality,C6H6(GT),0.5,2,dropout,16,0.01,0.5,0.15008337965536409,rolling_missing_fraction,0.9880822614635565,0.9148745618024134,0.9411764705882353,3.0,0.6986301369863014
air_quality,UCI Air Quality,C6H6(GT),0.5,0,dropout,16,0.01,0.75,0.15008337965536409,privsaf_dropout_hmm,0.9971223021582734,0.9874545059627067,1.0,0.0,0.8916083916083916
air_quality,UCI Air Quality,C6H6(GT),0.5,0,dropout,16,0.01,0.75,0.15008337965536409,rolling_missing_fraction,0.9922413584284088,0.9480767170831607,1.0,0.0,0.7918088737201365
air_quality,UCI Air Quality,C6H6(GT),0.5,1,dropout,16,0.01,0.75,0.15008337965536409,privsaf_dropout_hmm,0.9990964803914444,0.9951078332284505,1.0,0.0,0.9195804195804196
air_quality,UCI Air Quality,C6H6(GT),0.5,1,dropout,16,0.01,0.75,0.15008337965536409,rolling_missing_fraction,0.9940423418840685,0.9584470719260005,1.0,0.0,0.8084415584415584
air_quality,UCI Air Quality,C6H6(GT),0.5,2,dropout,16,0.01,0.75,0.15008337965536409,privsaf_dropout_hmm,0.9996051643533659,0.9980624799877115,1.0,0.0,0.9300699300699301
air_quality,UCI Air Quality,C6H6(GT),0.5,2,dropout,16,0.01,0.75,0.15008337965536409,rolling_missing_fraction,0.9943572414795436,0.9611866276580179,1.0,1.0,0.8013937282229965
air_quality,UCI Air Quality,C6H6(GT),0.5,0,dropout,64,0.01,0.25,0.15008337965536409,privsaf_dropout_hmm,0.9975147155003269,0.9830420518302708,1.0,0.0,0.9090909090909091
air_quality,UCI Air Quality,C6H6(GT),0.5,0,dropout,64,0.01,0.25,0.15008337965536409,rolling_missing_fraction,0.9906474820143885,0.9334841590651143,0.8,0.0,0.7517482517482518
air_quality,UCI Air Quality,C6H6(GT),0.5,1,dropout,64,0.01,0.25,0.15008337965536409,privsaf_dropout_hmm,0.9875735775016352,0.9550909609061367,0.8,0.0,0.8181818181818182
air_quality,UCI Air Quality,C6H6(GT),0.5,1,dropout,64,0.01,0.25,0.15008337965536409,rolling_missing_fraction,0.9788339025749098,0.9345708298905901,0.8,0.0,0.7916666666666666
air_quality,UCI Air Quality,C6H6(GT),0.5,2,dropout,64,0.01,0.25,0.15008337965536409,privsaf_dropout_hmm,0.9996463435312357,0.9980351486667266,1.0,0.0,0.9405594405594405
air_quality,UCI Air Quality,C6H6(GT),0.5,2,dropout,64,0.01,0.25,0.15008337965536409,rolling_missing_fraction,0.9867669500763027,0.925702977106277,0.75,11.5,0.7152777777777778
air_quality,UCI Air Quality,C6H6(GT),0.5,0,dropout,64,0.01,0.5,0.15008337965536409,privsaf_dropout_hmm,0.9992127510113121,0.9950650644647058,1.0,0.0,0.9300699300699301
air_quality,UCI Air Quality,C6H6(GT),0.5,0,dropout,64,0.01,0.5,0.15008337965536409,rolling_missing_fraction,0.9931860572148342,0.9464430178510953,0.8,0.0,0.8581314878892734
air_quality,UCI Air Quality,C6H6(GT),0.5,1,dropout,64,0.01,0.5,0.15008337965536409,privsaf_dropout_hmm,0.9993871569411138,0.9967240456543949,1.0,0.0,0.9265734265734266
air_quality,UCI Air Quality,C6H6(GT),0.5,1,dropout,64,0.01,0.5,0.15008337965536409,rolling_missing_fraction,0.9935942155366615,0.970149097673942,0.8,0.0,0.8645833333333334
air_quality,UCI Air Quality,C6H6(GT),0.5,2,dropout,64,0.01,0.5,0.15008337965536409,privsaf_dropout_hmm,0.9999103747305187,0.9995050827536012,1.0,0.0,0.9440559440559441
air_quality,UCI Air Quality,C6H6(GT),0.5,2,dropout,64,0.01,0.5,0.15008337965536409,rolling_missing_fraction,0.9932042244991884,0.9663706009647874,0.75,4.0,0.8200692041522492
air_quality,UCI Air Quality,C6H6(GT),0.5,0,dropout,64,0.01,0.75,0.15008337965536409,privsaf_dropout_hmm,0.9997044788411695,0.9981993910409899,1.0,0.0,0.9440559440559441
air_quality,UCI Air Quality,C6H6(GT),0.5,0,dropout,64,0.01,0.75,0.15008337965536409,rolling_missing_fraction,0.9942785165806749,0.9524315859612207,0.8,0.0,0.8846153846153846
air_quality,UCI Air Quality,C6H6(GT),0.5,1,dropout,64,0.01,0.75,0.15008337965536409,privsaf_dropout_hmm,0.9998740401618099,0.9993196204333715,1.0,0.0,0.9405594405594405
air_quality,UCI Air Quality,C6H6(GT),0.5,1,dropout,64,0.01,0.75,0.15008337965536409,rolling_missing_fraction,0.9934634110893104,0.9674369752303682,0.8,0.0,0.8668941979522184
air_quality,UCI Air Quality,C6H6(GT),0.5,2,dropout,64,0.01,0.75,0.15008337965536409,privsaf_dropout_hmm,0.9999709323450331,0.9998386501495355,1.0,0.0,0.9440559440559441
air_quality,UCI Air Quality,C6H6(GT),0.5,2,dropout,64,0.01,0.75,0.15008337965536409,rolling_missing_fraction,0.9948041566746603,0.9759516496807717,0.75,3.0,0.8561643835616438
air_quality,UCI Air Quality,C6H6(GT),1.0,0,dropout,16,0.01,0.25,0.15008337965536409,privsaf_dropout_hmm,0.9340721362304097,0.870067834187166,0.9411764705882353,1.0,0.6363636363636364
air_quality,UCI Air Quality,C6H6(GT),1.0,0,dropout,16,0.01,0.25,0.15008337965536409,rolling_missing_fraction,0.9292905069883488,0.7653169887265955,0.8823529411764706,3.0,0.5596026490066225
air_quality,UCI Air Quality,C6H6(GT),1.0,1,dropout,16,0.01,0.25,0.15008337965536409,privsaf_dropout_hmm,0.9559213235472227,0.8665206116897569,0.8235294117647058,2.0,0.5769230769230769
air_quality,UCI Air Quality,C6H6(GT),1.0,1,dropout,16,0.01,0.25,0.15008337965536409,rolling_missing_fraction,0.9343628127800789,0.7664499373971532,0.7647058823529411,4.0,0.531986531986532
air_quality,UCI Air Quality,C6H6(GT),1.0,2,dropout,16,0.01,0.25,0.15008337965536409,privsaf_dropout_hmm,0.9553859942349151,0.840831223074487,0.8235294117647058,3.0,0.5034965034965035
air_quality,UCI Air Quality,C6H6(GT),1.0,2,dropout,16,0.01,0.25,0.15008337965536409,rolling_missing_fraction,0.9411101421892789,0.7215744471812913,0.7647058823529411,3.0,0.4983388704318937
air_quality,UCI Air Quality,C6H6(GT),1.0,0,dropout,16,0.01,0.5,0.15008337965536409,privsaf_dropout_hmm,0.9960904004069472,0.9790177747578166,1.0,0.0,0.8356643356643356
air_quality,UCI Air Quality,C6H6(GT),1.0,0,dropout,16,0.01,0.5,0.15008337965536409,rolling_missing_fraction,0.9859482111280673,0.901945586182459,1.0,1.0,0.7133757961783439
air_quality,UCI Air Quality,C6H6(GT),1.0,1,dropout,16,0.01,0.5,0.15008337965536409,privsaf_dropout_hmm,0.9935833151660489,0.9733933713019716,1.0,0.0,0.8111888111888111
air_quality,UCI Air Quality,C6H6(GT),1.0,1,dropout,16,0.01,0.5,0.15008337965536409,rolling_missing_fraction,0.9809849090424629,0.879768883014966,0.8823529411764706,2.0,0.615916955017301
air_quality,UCI Air Quality,C6H6(GT),1.0,2,dropout,16,0.01,0.5,0.15008337965536409,privsaf_dropout_hmm,0.9912675919870164,0.9651652203842279,1.0,1.0,0.7937062937062938
air_quality,UCI Air Quality,C6H6(GT),1.0,2,dropout,16,0.01,0.5,0.15008337965536409,rolling_missing_fraction,0.98633699101325,0.9085792564570903,0.9411764705882353,3.0,0.658703071672355
air_quality,UCI Air Quality,C6H6(GT),1.0,0,dropout,16,0.01,0.75,0.15008337965536409,privsaf_dropout_hmm,0.998880895283773,0.9938091557017823,1.0,0.0,0.9265734265734266
air_quality,UCI Air Quality,C6H6(GT),1.0,0,dropout,16,0.01,0.75,0.15008337965536409,rolling_missing_fraction,0.9935821040137587,0.9569954550822118,1.0,0.0,0.8131147540983606
air_quality,UCI Air Quality,C6H6(GT),1.0,1,dropout,16,0.01,0.75,0.15008337965536409,privsaf_dropout_hmm,0.9994598260785311,0.9972553772143912,1.0,0.0,0.9230769230769231
air_quality,UCI Air Quality,C6H6(GT),1.0,1,dropout,16,0.01,0.75,0.15008337965536409,rolling_missing_fraction,0.9952547053266478,0.9642052705321037,1.0,0.0,0.8355263157894737
air_quality,UCI Air Quality,C6H6(GT),1.0,2,dropout,16,0.01,0.75,0.15008337965536409,privsaf_dropout_hmm,0.9985114938352349,0.9930668848038575,1.0,0.0,0.9090909090909091
air_quality,UCI Air Quality,C6H6(GT),1.0,2,dropout,16,0.01,0.75,0.15008337965536409,rolling_missing_fraction,0.994392364895962,0.9593446541562818,1.0,0.0,0.8333333333333334
air_quality,UCI Air Quality,C6H6(GT),1.0,0,dropout,64,0.01,0.25,0.15008337965536409,privsaf_dropout_hmm,0.9984884819417192,0.9897378449657608,1.0,1.0,0.916083916083916
air_quality,UCI Air Quality,C6H6(GT),1.0,0,dropout,64,0.01,0.25,0.15008337965536409,rolling_missing_fraction,0.9905627013540683,0.9514641336940763,0.8,0.0,0.8581314878892734
air_quality,UCI Air Quality,C6H6(GT),1.0,1,dropout,64,0.01,0.25,0.15008337965536409,privsaf_dropout_hmm,0.9976430976430976,0.981292857590349,1.0,0.0,0.9125874125874126
air_quality,UCI Air Quality,C6H6(GT),1.0,1,dropout,64,0.01,0.25,0.15008337965536409,rolling_missing_fraction,0.9847782380156481,0.9060480190996346,0.8,6.0,0.6888111888111889
air_quality,UCI Air Quality,C6H6(GT),1.0,2,dropout,64,0.01,0.25,0.15008337965536409,privsaf_dropout_hmm,0.9977957028316741,0.98872830353225,0.75,0.5,0.8566433566433567
air_quality,UCI Air Quality,C6H6(GT),1.0,2,dropout,64,0.01,0.25,0.15008337965536409,rolling_missing_fraction,0.9953988324491921,0.9733657062614877,0.75,1.5,0.8295081967213115
air_quality,UCI Air Quality,C6H6(GT),1.0,0,dropout,64,0.01,0.5,0.15008337965536409,privsaf_dropout_hmm,0.999643921226655,0.9980270401127547,1.0,0.0,0.9370629370629371
air_quality,UCI Air Quality,C6H6(GT),1.0,0,dropout,64,0.01,0.5,0.15008337965536409,rolling_missing_fraction,0.9951045224426519,0.9744423480356482,0.8,0.0,0.8780487804878049
air_quality,UCI Air Quality,C6H6(GT),1.0,1,dropout,64,0.01,0.5,0.15008337965536409,privsaf_dropout_hmm,0.9991812610517646,0.99491798352553,1.0,0.0,0.9335664335664335
air_quality,UCI Air Quality,C6H6(GT),1.0,1,dropout,64,0.01,0.5,0.15008337965536409,rolling_missing_fraction,0.9924327204902744,0.9511445874891103,0.8,0.0,0.8566433566433567
air_quality,UCI Air Quality,C6H6(GT),1.0,2,dropout,64,0.01,0.5,0.15008337965536409,privsaf_dropout_hmm,0.9989220744616428,0.9950771146001833,1.0,0.0,0.9195804195804196
air_quality,UCI Air Quality,C6H6(GT),1.0,2,dropout,64,0.01,0.5,0.15008337965536409,rolling_missing_fraction,0.9962744955550711,0.9763774542806313,0.75,3.5,0.8350515463917526
air_quality,UCI Air Quality,C6H6(GT),1.0,0,dropout,64,0.01,0.75,0.15008337965536409,privsaf_dropout_hmm,0.9999588208221302,0.9997687166413329,1.0,0.0,0.9440559440559441
air_quality,UCI Air Quality,C6H6(GT),1.0,0,dropout,64,0.01,0.75,0.15008337965536409,rolling_missing_fraction,0.9938461352130418,0.9708685928549081,0.8,0.0,0.8745644599303136
air_quality,UCI Air Quality,C6H6(GT),1.0,1,dropout,64,0.01,0.75,0.15008337965536409,privsaf_dropout_hmm,0.9998522394205847,0.9991604458821854,1.0,0.0,0.9440559440559441
air_quality,UCI Air Quality,C6H6(GT),1.0,1,dropout,64,0.01,0.75,0.15008337965536409,rolling_missing_fraction,0.9940326526657461,0.9499494018625001,0.8,0.0,0.872852233676976
air_quality,UCI Air Quality,C6H6(GT),1.0,2,dropout,64,0.01,0.75,0.15008337965536409,privsaf_dropout_hmm,0.9999806215633553,0.9998916646118594,1.0,0.0,0.9440559440559441
air_quality,UCI Air Quality,C6H6(GT),1.0,2,dropout,64,0.01,0.75,0.15008337965536409,rolling_missing_fraction,0.9958178911416321,0.9774014509647343,0.75,5.0,0.8339100346020761
air_quality,UCI Air Quality,C6H6(GT),2.0,0,dropout,16,0.01,0.25,0.15008337965536409,privsaf_dropout_hmm,0.9795896616040501,0.9097960333224773,0.9411764705882353,3.0,0.6503496503496503
air_quality,UCI Air Quality,C6H6(GT),2.0,0,dropout,16,0.01,0.25,0.15008337965536409,rolling_missing_fraction,0.9640699561562871,0.8223023388958747,0.9411764705882353,2.0,0.6577181208053692
air_quality,UCI Air Quality,C6H6(GT),2.0,1,dropout,16,0.01,0.25,0.15008337965536409,privsaf_dropout_hmm,0.9699513116779305,0.869321748921075,0.9411764705882353,1.0,0.6713286713286714
air_quality,UCI Air Quality,C6H6(GT),2.0,1,dropout,16,0.01,0.25,0.15008337965536409,rolling_missing_fraction,0.9441658794176779,0.7747299858773334,0.8823529411764706,3.0,0.5273972602739726
air_quality,UCI Air Quality,C6H6(GT),2.0,2,dropout,16,0.01,0.25,0.15008337965536409,privsaf_dropout_hmm,0.9849356878133857,0.928970670918104,0.9411764705882353,2.0,0.6468531468531469
air_quality,UCI Air Quality,C6H6(GT),2.0,2,dropout,16,0.01,0.25,0.15008337965536409,rolling_missing_fraction,0.9803502652423516,0.8616012083495342,0.9411764705882353,2.0,0.6552901023890785
air_quality,UCI Air Quality,C6H6(GT),2.0,0,dropout,16,0.01,0.5,0.15008337965536409,privsaf_dropout_hmm,0.9910689630114091,0.9648393591160926,1.0,0.0,0.7972027972027972
air_quality,UCI Air Quality,C6H6(GT),2.0,0,dropout,16,0.01,0.5,0.15008337965536409,rolling_missing_fraction,0.9807681127825012,0.8901786104389847,1.0,2.0,0.696969696969697
air_quality,UCI Air Quality,C6H6(GT),2.0,1,dropout,16,0.01,0.5,0.15008337965536409,privsaf_dropout_hmm,0.9933992200179251,0.9662505152771904,1.0,1.0,0.8216783216783217
air_quality,UCI Air Quality,C6H6(GT),2.0,1,dropout,16,0.01,0.5,0.15008337965536409,rolling_missing_fraction,0.9824891601870019,0.8864354470629895,0.8823529411764706,2.0,0.6068965517241379
air_quality,UCI Air Quality,C6H6(GT),2.0,2,dropout,16,0.01,0.5,0.15008337965536409,privsaf_dropout_hmm,0.9941549790470654,0.9758789427538674,1.0,0.0,0.8496503496503497
air_quality,UCI Air Quality,C6H6(GT),2.0,2,dropout,16,0.01,0.5,0.15008337965536409,rolling_missing_fraction,0.9898808226146356,0.9256190981172956,0.9411764705882353,1.0,0.7073170731707317
air_quality,UCI Air Quality,C6H6(GT),2.0,0,dropout,16,0.01,0.75,0.15008337965536409,privsaf_dropout_hmm,0.9992345517525374,0.9960368114950147,1.0,0.0,0.9230769230769231
air_quality,UCI Air Quality,C6H6(GT),2.0,0,dropout,16,0.01,0.75,0.15008337965536409,rolling_missing_fraction,0.9945982607853111,0.9609699585822918,1.0,1.0,0.8048780487804879
air_quality,UCI Air Quality,C6H6(GT),2.0,1,dropout,16,0.01,0.75,0.15008337965536409,privsaf_dropout_hmm,0.998226873047017,0.9910722899661946,1.0,0.0,0.8986013986013986
air_quality,UCI Air Quality,C6H6(GT),2.0,1,dropout,16,0.01,0.75,0.15008337965536409,rolling_missing_fraction,0.9941452898287431,0.9584930814021677,1.0,1.0,0.8098360655737705
air_quality,UCI Air Quality,C6H6(GT),2.0,2,dropout,16,0.01,0.75,0.15008337965536409,privsaf_dropout_hmm,0.9988905845020952,0.9948469857307852,1.0,0.0,0.9265734265734266
air_quality,UCI Air Quality,C6H6(GT),2.0,2,dropout,16,0.01,0.75,0.15008337965536409,rolling_missing_fraction,0.9970641668483395,0.977597433558618,1.0,0.0,0.8511326860841424
air_quality,UCI Air Quality,C6H6(GT),2.0,0,dropout,64,0.01,0.25,0.15008337965536409,privsaf_dropout_hmm,0.99249812271395,0.968611912947121,0.8,0.0,0.8461538461538461
air_quality,UCI Air Quality,C6H6(GT),2.0,0,dropout,64,0.01,0.25,0.15008337965536409,rolling_missing_fraction,0.9801685923988083,0.8997105276804644,0.6,14.0,0.5448275862068965
air_quality,UCI Air Quality,C6H6(GT),2.0,1,dropout,64,0.01,0.25,0.15008337965536409,privsaf_dropout_hmm,0.9972797519560109,0.9829717587722584,1.0,0.0,0.9020979020979021
air_quality,UCI Air Quality,C6H6(GT),2.0,1,dropout,64,0.01,0.25,0.15008337965536409,rolling_missing_fraction,0.9919494707264491,0.9520451174534578,0.8,2.0,0.7986111111111112
air_quality,UCI Air Quality,C6H6(GT),2.0,2,dropout,64,0.01,0.25,0.15008337965536409,privsaf_dropout_hmm,0.9987161785722937,0.9931321966937139,1.0,0.0,0.9090909090909091
air_quality,UCI Air Quality,C6H6(GT),2.0,2,dropout,64,0.01,0.25,0.15008337965536409,rolling_missing_fraction,0.9915606908412664,0.9572509010496554,0.75,0.0,0.831081081081081
air_quality,UCI Air Quality,C6H6(GT),2.0,0,dropout,64,0.01,0.5,0.15008337965536409,privsaf_dropout_hmm,0.9984739481142358,0.9913730057614264,0.8,0.0,0.8951048951048951
air_quality,UCI Air Quality,C6H6(GT),2.0,0,dropout,64,0.01,0.5,0.15008337965536409,rolling_missing_fraction,0.9884904197853839,0.9424227763173498,0.8,0.0,0.8048780487804879
air_quality,UCI Air Quality,C6H6(GT),2.0,1,dropout,64,0.01,0.5,0.15008337965536409,privsaf_dropout_hmm,0.9992393963616986,0.9955273927119005,1.0,0.0,0.9300699300699301
air_quality,UCI Air Quality,C6H6(GT),2.0,1,dropout,64,0.01,0.5,0.15008337965536409,rolling_missing_fraction,0.993239347915607,0.9479663286531467,0.8,0.0,0.8531468531468531
air_quality,UCI Air Quality,C6H6(GT),2.0,2,dropout,64,0.01,0.5,0.15008337965536409,privsaf_dropout_hmm,0.9998255940701983,0.9990886466376343,1.0,0.0,0.9370629370629371
air_quality,UCI Air Quality,C6H6(GT),2.0,2,dropout,64,0.01,0.5,0.15008337965536409,rolling_missing_fraction,0.9946176392219558,0.9764575607307135,0.75,2.5,0.856655290102389
air_quality,UCI Air Quality,C6H6(GT),2.0,0,dropout,64,0.01,0.75,0.15008337965536409,privsaf_dropout_hmm,0.9998570840297458,0.999165287094358,1.0,0.0,0.9440559440559441
air_quality,UCI Air Quality,C6H6(GT),2.0,0,dropout,64,0.01,0.75,0.15008337965536409,rolling_missing_fraction,0.9935300244652763,0.9636004006859294,0.8,0.0,0.8823529411764706
air_quality,UCI Air Quality,C6H6(GT),2.0,1,dropout,64,0.01,0.75,0.15008337965536409,privsaf_dropout_hmm,0.9999273308625827,0.9995924678359642,1.0,0.0,0.9440559440559441
air_quality,UCI Air Quality,C6H6(GT),2.0,1,dropout,64,0.01,0.75,0.15008337965536409,rolling_missing_fraction,0.9938861032386213,0.9621170561993236,0.8,0.0,0.8846153846153846
air_quality,UCI Air Quality,C6H6(GT),2.0,2,dropout,64,0.01,0.75,0.15008337965536409,privsaf_dropout_hmm,0.9999685100404525,0.9998268751945222,1.0,0.0,0.9440559440559441
air_quality,UCI Air Quality,C6H6(GT),2.0,2,dropout,64,0.01,0.75,0.15008337965536409,rolling_missing_fraction,0.9950948332243296,0.9799929813490031,0.75,0.0,0.8858131487889274
household_power,UCI Household Power,Global_active_power hourly sample,0.5,0,dropout,16,0.01,0.25,0.15,privsaf_dropout_hmm,0.9673842592592592,0.8767073515714854,0.8695652173913043,1.0,0.5590551181102362
household_power,UCI Household Power,Global_active_power hourly sample,0.5,0,dropout,16,0.01,0.25,0.15,rolling_missing_fraction,0.9464208877995641,0.7901456026803406,0.782608695652174,1.0,0.553030303030303
household_power,UCI Household Power,Global_active_power hourly sample,0.5,1,dropout,16,0.01,0.25,0.15,privsaf_dropout_hmm,0.958656045751634,0.8574940919713,0.8695652173913043,0.0,0.5748031496062992
household_power,UCI Household Power,Global_active_power hourly sample,0.5,1,dropout,16,0.01,0.25,0.15,rolling_missing_fraction,0.9275354030501091,0.7268097473594033,0.782608695652174,1.0,0.5138539042821159
household_power,UCI Household Power,Global_active_power hourly sample,0.5,2,dropout,16,0.01,0.25,0.15,privsaf_dropout_hmm,0.9735430283224399,0.9017230486260803,0.9130434782608695,1.0,0.6771653543307087
household_power,UCI Household Power,Global_active_power hourly sample,0.5,2,dropout,16,0.01,0.25,0.15,rolling_missing_fraction,0.9581120642701526,0.806745390862984,0.782608695652174,1.0,0.5538847117794486
household_power,UCI Household Power,Global_active_power hourly sample,0.5,0,dropout,16,0.01,0.5,0.15,privsaf_dropout_hmm,0.9972644335511983,0.9860007753881243,1.0,0.0,0.868766404199475
household_power,UCI Household Power,Global_active_power hourly sample,0.5,0,dropout,16,0.01,0.5,0.15,rolling_missing_fraction,0.9868879357298475,0.9089466295024348,0.9565217391304348,1.0,0.6675257731958762
household_power,UCI Household Power,Global_active_power hourly sample,0.5,1,dropout,16,0.01,0.5,0.15,privsaf_dropout_hmm,0.9917102396514161,0.9614900241656167,1.0,0.0,0.8162729658792651
household_power,UCI Household Power,Global_active_power hourly sample,0.5,1,dropout,16,0.01,0.5,0.15,rolling_missing_fraction,0.9828261165577342,0.8769106944342019,0.9565217391304348,0.0,0.6469072164948454
household_power,UCI Household Power,Global_active_power hourly sample,0.5,2,dropout,16,0.01,0.5,0.15,privsaf_dropout_hmm,0.9959082244008715,0.9821340031712518,1.0,0.0,0.8713910761154856
household_power,UCI Household Power,Global_active_power hourly sample,0.5,2,dropout,16,0.01,0.5,0.15,rolling_missing_fraction,0.9902723311546842,0.9302812396181005,1.0,0.0,0.7613065326633166
household_power,UCI Household Power,Global_active_power hourly sample,0.5,0,dropout,16,0.01,0.75,0.15,privsaf_dropout_hmm,0.9993239379084968,0.9962915065819319,1.0,0.0,0.926509186351706
household_power,UCI Household Power,Global_active_power hourly sample,0.5,0,dropout,16,0.01,0.75,0.15,rolling_missing_fraction,0.9953281590413944,0.9633176809453917,1.0,0.0,0.8325242718446602
household_power,UCI Household Power,Global_active_power hourly sample,0.5,1,dropout,16,0.01,0.75,0.15,privsaf_dropout_hmm,0.9988085511982571,0.9937552559780477,1.0,0.0,0.9081364829396326
household_power,UCI Household Power,Global_active_power hourly sample,0.5,1,dropout,16,0.01,0.75,0.15,rolling_missing_fraction,0.9926756535947712,0.937522775184207,1.0,1.0,0.7454068241469817
household_power,UCI Household Power,Global_active_power hourly sample,0.5,2,dropout,16,0.01,0.75,0.15,privsaf_dropout_hmm,0.9993518518518518,0.9965957521371874,1.0,0.0,0.926509186351706
household_power,UCI Household Power,Global_active_power hourly sample,0.5,2,dropout,16,0.01,0.75,0.15,rolling_missing_fraction,0.9960634531590414,0.9707243190243839,1.0,0.0,0.8642297650130548
household_power,UCI Household Power,Global_active_power hourly sample,0.5,0,dropout,64,0.01,0.25,0.15,privsaf_dropout_hmm,0.9993899782135077,0.9966712946998053,1.0,0.0,0.926509186351706
household_power,UCI Household Power,Global_active_power hourly sample,0.5,0,dropout,64,0.01,0.25,0.15,rolling_missing_fraction,0.9848297930283225,0.9094743273449861,0.8333333333333334,6.5,0.6191709844559585
household_power,UCI Household Power,Global_active_power hourly sample,0.5,1,dropout,64,0.01,0.25,0.15,privsaf_dropout_hmm,0.9967837690631808,0.9865240309193635,1.0,0.0,0.8923884514435696
household_power,UCI Household Power,Global_active_power hourly sample,0.5,1,dropout,64,0.01,0.25,0.15,rolling_missing_fraction,0.9849945533769063,0.9090605021099241,1.0,3.0,0.7125
household_power,UCI Household Power,Global_active_power hourly sample,0.5,2,dropout,64,0.01,0.25,0.15,privsaf_dropout_hmm,0.9948556644880175,0.9732953804441493,1.0,5.0,0.7664041994750657
household_power,UCI Household Power,Global_active_power hourly sample,0.5,2,dropout,64,0.01,0.25,0.15,rolling_missing_fraction,0.9847760076252723,0.8935233944736565,0.8333333333333334,14.5,0.5529715762273901
household_power,UCI Household Power,Global_active_power hourly sample,0.5,0,dropout,64,0.01,0.5,0.15,privsaf_dropout_hmm,0.9999291938997821,0.9996097791003065,1.0,0.0,0.9422572178477691
household_power,UCI Household Power,Global_active_power hourly sample,0.5,0,dropout,64,0.01,0.5,0.15,rolling_missing_fraction,0.9913664215686275,0.9380844395131391,0.8333333333333334,16.5,0.5065616797900262
household_power,UCI Household Power,Global_active_power hourly sample,0.5,1,dropout,64,0.01,0.5,0.15,privsaf_dropout_hmm,0.9995942265795208,0.9977953158073128,1.0,0.0,0.937007874015748
household_power,UCI Household Power,Global_active_power hourly sample,0.5,1,dropout,64,0.01,0.5,0.15,rolling_missing_fraction,0.9923291122004357,0.9515812898073978,1.0,7.5,0.720626631853786
household_power,UCI Household Power,Global_active_power hourly sample,0.5,2,dropout,64,0.01,0.5,0.15,privsaf_dropout_hmm,0.9998134531590414,0.9989488066333783,1.0,0.0,0.9448818897637795
household_power,UCI Household Power,Global_active_power hourly sample,0.5,2,dropout,64,0.01,0.5,0.15,rolling_missing_fraction,0.9892047930283224,0.9290248189601583,0.8333333333333334,10.0,0.6227390180878553
household_power,UCI Household Power,Global_active_power hourly sample,0.5,0,dropout,64,0.01,0.75,0.15,privsaf_dropout_hmm,0.9999332788671024,0.999632372304198,1.0,0.0,0.9448818897637795
household_power,UCI Household Power,Global_active_power hourly sample,0.5,0,dropout,64,0.01,0.75,0.15,rolling_missing_fraction,0.9930010893246188,0.9496979319259552,0.8333333333333334,14.0,0.5662337662337662
household_power,UCI Household Power,Global_active_power hourly sample,0.5,1,dropout,64,0.01,0.75,0.15,privsaf_dropout_hmm,0.9994267429193899,0.9973982238391017,1.0,0.0,0.931758530183727
household_power,UCI Household Power,Global_active_power hourly sample,0.5,1,dropout,64,0.01,0.75,0.15,rolling_missing_fraction,0.9934933278867102,0.9550890964292371,0.8333333333333334,11.5,0.5587467362924282
household_power,UCI Household Power,Global_active_power hourly sample,0.5,2,dropout,64,0.01,0.75,0.15,privsaf_dropout_hmm,0.9999360021786492,0.9996440691166784,1.0,0.0,0.9448818897637795
household_power,UCI Household Power,Global_active_power hourly sample,0.5,2,dropout,64,0.01,0.75,0.15,rolling_missing_fraction,0.994520697167756,0.9647008277232793,0.8333333333333334,7.0,0.6963350785340314
household_power,UCI Household Power,Global_active_power hourly sample,1.0,0,dropout,16,0.01,0.25,0.15,privsaf_dropout_hmm,0.9836056644880175,0.9195597625000269,0.9565217391304348,1.0,0.6587926509186351
household_power,UCI Household Power,Global_active_power hourly sample,1.0,0,dropout,16,0.01,0.25,0.15,rolling_missing_fraction,0.9721207788671025,0.8312665208184077,0.9565217391304348,0.0,0.6536585365853659
household_power,UCI Household Power,Global_active_power hourly sample,1.0,1,dropout,16,0.01,0.25,0.15,privsaf_dropout_hmm,0.9617715141612201,0.8387701029747298,0.7391304347826086,4.0,0.49081364829396323
household_power,UCI Household Power,Global_active_power hourly sample,1.0,1,dropout,16,0.01,0.25,0.15,rolling_missing_fraction,0.9420390795206972,0.7386104324745854,0.6956521739130435,6.0,0.47435897435897434
household_power,UCI Household Power,Global_active_power hourly sample,1.0,2,dropout,16,0.01,0.25,0.15,privsaf_dropout_hmm,0.9547290305010894,0.8572433158092049,0.782608695652174,3.0,0.5354330708661418
household_power,UCI Household Power,Global_active_power hourly sample,1.0,2,dropout,16,0.01,0.25,0.15,rolling_missing_fraction,0.9337928921568628,0.7447916484170671,0.782608695652174,3.0,0.5049019607843137
household_power,UCI Household Power,Global_active_power hourly sample,1.0,0,dropout,16,0.01,0.5,0.15,privsaf_dropout_hmm,0.9953608387799564,0.9774014259537381,1.0,0.0,0.847769028871391
household_power,UCI Household Power,Global_active_power hourly sample,1.0,0,dropout,16,0.01,0.5,0.15,rolling_missing_fraction,0.9894274237472767,0.9198431691226722,0.9565217391304348,1.0,0.75
household_power,UCI Household Power,Global_active_power hourly sample,1.0,1,dropout,16,0.01,0.5,0.15,privsaf_dropout_hmm,0.9927532679738563,0.9641489039958964,1.0,1.0,0.7690288713910761
household_power,UCI Household Power,Global_active_power hourly sample,1.0,1,dropout,16,0.01,0.5,0.15,rolling_missing_fraction,0.9838003812636165,0.8881145502803673,0.9565217391304348,1.0,0.6821515892420538
household_power,UCI Household Power,Global_active_power hourly sample,1.0,2,dropout,16,0.01,0.5,0.15,privsaf_dropout_hmm,0.9957952069716776,0.9799619522594266,1.0,0.0,0.8267716535433071
household_power,UCI Household Power,Global_active_power hourly sample,1.0,2,dropout,16,0.01,0.5,0.15,rolling_missing_fraction,0.9880678104575163,0.9196333454163745,0.9565217391304348,1.0,0.712082262210797
household_power,UCI Household Power,Global_active_power hourly sample,1.0,0,dropout,16,0.01,0.75,0.15,privsaf_dropout_hmm,0.9988657407407407,0.9939331835196201,1.0,0.0,0.910761154855643
household_power,UCI Household Power,Global_active_power hourly sample,1.0,0,dropout,16,0.01,0.75,0.15,rolling_missing_fraction,0.9947058823529412,0.9563170243917521,0.9565217391304348,1.0,0.8367875647668394
household_power,UCI Household Power,Global_active_power hourly sample,1.0,1,dropout,16,0.01,0.75,0.15,privsaf_dropout_hmm,0.9988984204793029,0.9941168982126769,1.0,0.0,0.910761154855643
household_power,UCI Household Power,Global_active_power hourly sample,1.0,1,dropout,16,0.01,0.75,0.15,rolling_missing_fraction,0.992962962962963,0.9456892187111706,1.0,0.0,0.8079800498753117
household_power,UCI Household Power,Global_active_power hourly sample,1.0,2,dropout,16,0.01,0.75,0.15,privsaf_dropout_hmm,0.9990223311546841,0.9948440243416468,1.0,0.0,0.9212598425196851
household_power,UCI Household Power,Global_active_power hourly sample,1.0,2,dropout,16,0.01,0.75,0.15,rolling_missing_fraction,0.9938834422657952,0.9544409726370445,0.9565217391304348,0.0,0.8112745098039216
household_power,UCI Household Power,Global_active_power hourly sample,1.0,0,dropout,64,0.01,0.25,0.15,privsaf_dropout_hmm,0.9985566448801744,0.9924742228884011,1.0,0.0,0.905511811023622
household_power,UCI Household Power,Global_active_power hourly sample,1.0,0,dropout,64,0.01,0.25,0.15,rolling_missing_fraction,0.9918368736383442,0.9391717398114366,1.0,9.0,0.6623376623376623
household_power,UCI Household Power,Global_active_power hourly sample,1.0,1,dropout,64,0.01,0.25,0.15,privsaf_dropout_hmm,0.996130174291939,0.9786490387454099,1.0,3.5,0.8241469816272966
household_power,UCI Household Power,Global_active_power hourly sample,1.0,1,dropout,64,0.01,0.25,0.15,rolling_missing_fraction,0.984182325708061,0.8867970757235909,1.0,11.5,0.5421994884910486
household_power,UCI Household Power,Global_active_power hourly sample,1.0,2,dropout,64,0.01,0.25,0.15,privsaf_dropout_hmm,0.9953063725490195,0.9794939510689238,1.0,0.0,0.8582677165354331
household_power,UCI Household Power,Global_active_power hourly sample,1.0,2,dropout,64,0.01,0.25,0.15,rolling_missing_fraction,0.9829813453159041,0.8701303472876656,0.6666666666666666,15.0,0.3785900783289817
household_power,UCI Household Power,Global_active_power hourly sample,1.0,0,dropout,64,0.01,0.5,0.15,privsaf_dropout_hmm,0.9998747276688453,0.9993021422118357,1.0,0.0,0.9448818897637795
household_power,UCI Household Power,Global_active_power hourly sample,1.0,0,dropout,64,0.01,0.5,0.15,rolling_missing_fraction,0.9954970043572984,0.970328890820183,0.8333333333333334,4.5,0.734375
household_power,UCI Household Power,Global_active_power hourly sample,1.0,1,dropout,64,0.01,0.5,0.15,privsaf_dropout_hmm,0.999650054466231,0.9980414065750385,1.0,0.0,0.9396325459317585
household_power,UCI Household Power,Global_active_power hourly sample,1.0,1,dropout,64,0.01,0.5,0.15,rolling_missing_fraction,0.9920969498910674,0.9491484960361692,1.0,6.5,0.6553524804177546
household_power,UCI Household Power,Global_active_power hourly sample,1.0,2,dropout,64,0.01,0.5,0.15,privsaf_dropout_hmm,0.9994185729847493,0.9968793188196845,1.0,0.0,0.931758530183727
household_power,UCI Household Power,Global_active_power hourly sample,1.0,2,dropout,64,0.01,0.5,0.15,rolling_missing_fraction,0.989901279956427,0.9256308708438806,0.8333333333333334,7.0,0.5890052356020943
household_power,UCI Household Power,Global_active_power hourly sample,1.0,0,dropout,64,0.01,0.75,0.15,privsaf_dropout_hmm,0.999983660130719,0.999910394265233,1.0,0.0,0.9448818897637795
household_power,UCI Household Power,Global_active_power hourly sample,1.0,0,dropout,64,0.01,0.75,0.15,rolling_missing_fraction,0.995709422657952,0.9708140841341485,1.0,6.0,0.7558441558441559
household_power,UCI Household Power,Global_active_power hourly sample,1.0,1,dropout,64,0.01,0.75,0.15,privsaf_dropout_hmm,0.9999414488017428,0.9996722371595911,1.0,0.0,0.9448818897637795
household_power,UCI Household Power,Global_active_power hourly sample,1.0,1,dropout,64,0.01,0.75,0.15,rolling_missing_fraction,0.9963609749455338,0.975531922255145,1.0,4.5,0.7853403141361257
household_power,UCI Household Power,Global_active_power hourly sample,1.0,2,dropout,64,0.01,0.75,0.15,privsaf_dropout_hmm,0.9999496187363834,0.9997264833368817,1.0,0.0,0.9422572178477691
household_power,UCI Household Power,Global_active_power hourly sample,1.0,2,dropout,64,0.01,0.75,0.15,rolling_missing_fraction,0.991781045751634,0.9428852472155139,0.8333333333333334,14.5,0.5654450261780105
household_power,UCI Household Power,Global_active_power hourly sample,2.0,0,dropout,16,0.01,0.25,0.15,privsaf_dropout_hmm,0.9587826797385621,0.8723200835010783,0.8695652173913043,1.0,0.6272965879265092
household_power,UCI Household Power,Global_active_power hourly sample,2.0,0,dropout,16,0.01,0.25,0.15,rolling_missing_fraction,0.929488017429194,0.7665667322269573,0.8260869565217391,3.0,0.5866336633663366
household_power,UCI Household Power,Global_active_power hourly sample,2.0,1,dropout,16,0.01,0.25,0.15,privsaf_dropout_hmm,0.9601171023965142,0.8334467285771108,0.8695652173913043,2.0,0.49081364829396323
household_power,UCI Household Power,Global_active_power hourly sample,2.0,1,dropout,16,0.01,0.25,0.15,rolling_missing_fraction,0.9499305555555556,0.741595868058924,0.8695652173913043,4.0,0.5074626865671642
household_power,UCI Household Power,Global_active_power hourly sample,2.0,2,dropout,16,0.01,0.25,0.15,privsaf_dropout_hmm,0.9569594226579521,0.8472264117950404,0.8260869565217391,3.0,0.5380577427821522
household_power,UCI Household Power,Global_active_power hourly sample,2.0,2,dropout,16,0.01,0.25,0.15,rolling_missing_fraction,0.9445921840958605,0.7846920351653832,0.8260869565217391,0.0,0.6
household_power,UCI Household Power,Global_active_power hourly sample,2.0,0,dropout,16,0.01,0.5,0.15,privsaf_dropout_hmm,0.9949005991285403,0.9804465577478395,1.0,0.0,0.8582677165354331
household_power,UCI Household Power,Global_active_power hourly sample,2.0,0,dropout,16,0.01,0.5,0.15,rolling_missing_fraction,0.983526688453159,0.8968269057829035,0.9565217391304348,0.0,0.7272727272727273
household_power,UCI Household Power,Global_active_power hourly sample,2.0,1,dropout,16,0.01,0.5,0.15,privsaf_dropout_hmm,0.9908912037037036,0.9599701391627461,1.0,0.0,0.7979002624671916
household_power,UCI Household Power,Global_active_power hourly sample,2.0,1,dropout,16,0.01,0.5,0.15,rolling_missing_fraction,0.9800272331154685,0.874890249371703,0.8695652173913043,0.0,0.6384615384615384
household_power,UCI Household Power,Global_active_power hourly sample,2.0,2,dropout,16,0.01,0.5,0.15,privsaf_dropout_hmm,0.9934368191721132,0.970162213392766,1.0,0.0,0.8398950131233596
household_power,UCI Household Power,Global_active_power hourly sample,2.0,2,dropout,16,0.01,0.5,0.15,rolling_missing_fraction,0.9850388071895424,0.8987449359951031,0.9565217391304348,0.0,0.6862244897959183
household_power,UCI Household Power,Global_active_power hourly sample,2.0,0,dropout,16,0.01,0.75,0.15,privsaf_dropout_hmm,0.9995751633986929,0.9977639674481549,1.0,0.0,0.931758530183727
household_power,UCI Household Power,Global_active_power hourly sample,2.0,0,dropout,16,0.01,0.75,0.15,rolling_missing_fraction,0.992890114379085,0.9487375167347323,0.9565217391304348,0.0,0.7980295566502463
household_power,UCI Household Power,Global_active_power hourly sample,2.0,1,dropout,16,0.01,0.75,0.15,privsaf_dropout_hmm,0.9978390522875817,0.9908924876676065,1.0,0.0,0.905511811023622
household_power,UCI Household Power,Global_active_power hourly sample,2.0,1,dropout,16,0.01,0.75,0.15,rolling_missing_fraction,0.9930787037037037,0.9464889005560798,1.0,0.0,0.7948051948051948
household_power,UCI Household Power,Global_active_power hourly sample,2.0,2,dropout,16,0.01,0.75,0.15,privsaf_dropout_hmm,0.9986097494553376,0.9936301867479441,1.0,0.0,0.9133858267716536
household_power,UCI Household Power,Global_active_power hourly sample,2.0,2,dropout,16,0.01,0.75,0.15,rolling_missing_fraction,0.9942306644880174,0.9571805904143231,0.9565217391304348,0.0,0.812807881773399
household_power,UCI Household Power,Global_active_power hourly sample,2.0,0,dropout,64,0.01,0.25,0.15,privsaf_dropout_hmm,0.9965767973856209,0.984299655183201,1.0,2.0,0.8661417322834646
household_power,UCI Household Power,Global_active_power hourly sample,2.0,0,dropout,64,0.01,0.25,0.15,rolling_missing_fraction,0.9834306917211328,0.8925089076798404,0.8333333333333334,0.5,0.6005221932114883
household_power,UCI Household Power,Global_active_power hourly sample,2.0,1,dropout,64,0.01,0.25,0.15,privsaf_dropout_hmm,0.9947317538126362,0.977305721660373,1.0,0.0,0.84251968503937
household_power,UCI Household Power,Global_active_power hourly sample,2.0,1,dropout,64,0.01,0.25,0.15,rolling_missing_fraction,0.9897984749455337,0.9230416345205102,1.0,10.0,0.6062992125984252
household_power,UCI Household Power,Global_active_power hourly sample,2.0,2,dropout,64,0.01,0.25,0.15,privsaf_dropout_hmm,0.9983932461873639,0.9916844908070226,1.0,2.0,0.8976377952755905
household_power,UCI Household Power,Global_active_power hourly sample,2.0,2,dropout,64,0.01,0.25,0.15,rolling_missing_fraction,0.9843198529411765,0.9017455990882193,0.8333333333333334,2.5,0.6175710594315246
household_power,UCI Household Power,Global_active_power hourly sample,2.0,0,dropout,64,0.01,0.5,0.15,privsaf_dropout_hmm,0.9999074074074074,0.9994903596473933,1.0,0.0,0.9422572178477691
household_power,UCI Household Power,Global_active_power hourly sample,2.0,0,dropout,64,0.01,0.5,0.15,rolling_missing_fraction,0.9941162854030501,0.962118746632142,1.0,2.0,0.7637795275590551
household_power,UCI Household Power,Global_active_power hourly sample,2.0,1,dropout,64,0.01,0.5,0.15,privsaf_dropout_hmm,0.9983142701525055,0.9927424467894033,1.0,0.0,0.9002624671916011
household_power,UCI Household Power,Global_active_power hourly sample,2.0,1,dropout,64,0.01,0.5,0.15,rolling_missing_fraction,0.9961628540305011,0.9761566030422404,1.0,5.0,0.8597402597402597
household_power,UCI Household Power,Global_active_power hourly sample,2.0,2,dropout,64,0.01,0.5,0.15,privsaf_dropout_hmm,0.9998107298474945,0.9989576094828764,1.0,0.0,0.9396325459317585
household_power,UCI Household Power,Global_active_power hourly sample,2.0,2,dropout,64,0.01,0.5,0.15,rolling_missing_fraction,0.9910893246187362,0.9377446735092971,1.0,6.5,0.6434108527131783
household_power,UCI Household Power,Global_active_power hourly sample,2.0,0,dropout,64,0.01,0.75,0.15,privsaf_dropout_hmm,0.9999918300653594,0.9999538317121139,1.0,0.0,0.9448818897637795
household_power,UCI Household Power,Global_active_power hourly sample,2.0,0,dropout,64,0.01,0.75,0.15,rolling_missing_fraction,0.9948863017429194,0.9637251178814283,1.0,7.0,0.7172774869109948
household_power,UCI Household Power,Global_active_power hourly sample,2.0,1,dropout,64,0.01,0.75,0.15,privsaf_dropout_hmm,0.9999754901960785,0.9998643739106954,1.0,0.0,0.9448818897637795
household_power,UCI Household Power,Global_active_power hourly sample,2.0,1,dropout,64,0.01,0.75,0.15,rolling_missing_fraction,0.9960021786492375,0.9742000957808729,1.0,2.5,0.8485639686684073
household_power,UCI Household Power,Global_active_power hourly sample,2.0,2,dropout,64,0.01,0.75,0.15,privsaf_dropout_hmm,0.9998665577342047,0.9993017572525063,1.0,0.0,0.9396325459317585
household_power,UCI Household Power,Global_active_power hourly sample,2.0,2,dropout,64,0.01,0.75,0.15,rolling_missing_fraction,0.9935634531590412,0.9529333513657796,0.8333333333333334,13.5,0.5680628272251309
bike_sharing,UCI Bike Sharing,cnt,0.5,0,dropout,16,0.01,0.25,0.15,privsaf_dropout_hmm,0.9673842592592592,0.8767073515714855,0.8695652173913043,1.0,0.5590551181102362
bike_sharing,UCI Bike Sharing,cnt,0.5,0,dropout,16,0.01,0.25,0.15,rolling_missing_fraction,0.9464208877995641,0.7901456026803406,0.782608695652174,1.0,0.553030303030303
bike_sharing,UCI Bike Sharing,cnt,0.5,1,dropout,16,0.01,0.25,0.15,privsaf_dropout_hmm,0.958656045751634,0.8574940919713,0.8695652173913043,0.0,0.5748031496062992
bike_sharing,UCI Bike Sharing,cnt,0.5,1,dropout,16,0.01,0.25,0.15,rolling_missing_fraction,0.9275354030501091,0.7268097473594033,0.782608695652174,1.0,0.5138539042821159
bike_sharing,UCI Bike Sharing,cnt,0.5,2,dropout,16,0.01,0.25,0.15,privsaf_dropout_hmm,0.9735430283224399,0.9017230486260803,0.9130434782608695,1.0,0.6771653543307087
bike_sharing,UCI Bike Sharing,cnt,0.5,2,dropout,16,0.01,0.25,0.15,rolling_missing_fraction,0.9581120642701526,0.806745390862984,0.782608695652174,1.0,0.5538847117794486
bike_sharing,UCI Bike Sharing,cnt,0.5,0,dropout,16,0.01,0.5,0.15,privsaf_dropout_hmm,0.9972644335511982,0.9860007753881241,1.0,0.0,0.868766404199475
bike_sharing,UCI Bike Sharing,cnt,0.5,0,dropout,16,0.01,0.5,0.15,rolling_missing_fraction,0.9868879357298475,0.9089466295024348,0.9565217391304348,1.0,0.6675257731958762
bike_sharing,UCI Bike Sharing,cnt,0.5,1,dropout,16,0.01,0.5,0.15,privsaf_dropout_hmm,0.9917102396514161,0.9614900241656166,1.0,0.0,0.8162729658792651
bike_sharing,UCI Bike Sharing,cnt,0.5,1,dropout,16,0.01,0.5,0.15,rolling_missing_fraction,0.9828261165577342,0.8769106944342019,0.9565217391304348,0.0,0.6469072164948454
bike_sharing,UCI Bike Sharing,cnt,0.5,2,dropout,16,0.01,0.5,0.15,privsaf_dropout_hmm,0.9959082244008715,0.9821340031712518,1.0,0.0,0.8713910761154856
bike_sharing,UCI Bike Sharing,cnt,0.5,2,dropout,16,0.01,0.5,0.15,rolling_missing_fraction,0.9902723311546842,0.9302812396181005,1.0,0.0,0.7613065326633166
bike_sharing,UCI Bike Sharing,cnt,0.5,0,dropout,16,0.01,0.75,0.15,privsaf_dropout_hmm,0.9993218954248366,0.9962842065450387,1.0,0.0,0.926509186351706
bike_sharing,UCI Bike Sharing,cnt,0.5,0,dropout,16,0.01,0.75,0.15,rolling_missing_fraction,0.9953281590413944,0.9633176809453917,1.0,0.0,0.8325242718446602
bike_sharing,UCI Bike Sharing,cnt,0.5,1,dropout,16,0.01,0.75,0.15,privsaf_dropout_hmm,0.9988085511982571,0.9937552559780477,1.0,0.0,0.9081364829396326
bike_sharing,UCI Bike Sharing,cnt,0.5,1,dropout,16,0.01,0.75,0.15,rolling_missing_fraction,0.9926756535947712,0.937522775184207,1.0,1.0,0.7454068241469817
bike_sharing,UCI Bike Sharing,cnt,0.5,2,dropout,16,0.01,0.75,0.15,privsaf_dropout_hmm,0.9993545751633988,0.9966105508743618,1.0,0.0,0.926509186351706
bike_sharing,UCI Bike Sharing,cnt,0.5,2,dropout,16,0.01,0.75,0.15,rolling_missing_fraction,0.9960634531590414,0.9707243190243839,1.0,0.0,0.8642297650130548
bike_sharing,UCI Bike Sharing,cnt,0.5,0,dropout,64,0.01,0.25,0.15,privsaf_dropout_hmm,0.9993899782135077,0.9966712946998055,1.0,0.0,0.926509186351706
bike_sharing,UCI Bike Sharing,cnt,0.5,0,dropout,64,0.01,0.25,0.15,rolling_missing_fraction,0.9848297930283225,0.9094743273449861,0.8333333333333334,6.5,0.6191709844559585
bike_sharing,UCI Bike Sharing,cnt,0.5,1,dropout,64,0.01,0.25,0.15,privsaf_dropout_hmm,0.9967837690631809,0.9865240309193635,1.0,0.0,0.8923884514435696
bike_sharing,UCI Bike Sharing,cnt,0.5,1,dropout,64,0.01,0.25,0.15,rolling_missing_fraction,0.9849945533769063,0.9090605021099241,1.0,3.0,0.7125
bike_sharing,UCI Bike Sharing,cnt,0.5,2,dropout,64,0.01,0.25,0.15,privsaf_dropout_hmm,0.9948556644880173,0.9732953804441493,1.0,5.0,0.7664041994750657
bike_sharing,UCI Bike Sharing,cnt,0.5,2,dropout,64,0.01,0.25,0.15,rolling_missing_fraction,0.9847760076252723,0.8935233944736565,0.8333333333333334,14.5,0.5529715762273901
bike_sharing,UCI Bike Sharing,cnt,0.5,0,dropout,64,0.01,0.5,0.15,privsaf_dropout_hmm,0.9999291938997821,0.9996097791003064,1.0,0.0,0.9422572178477691
bike_sharing,UCI Bike Sharing,cnt,0.5,0,dropout,64,0.01,0.5,0.15,rolling_missing_fraction,0.9913664215686275,0.9380844395131391,0.8333333333333334,16.5,0.5065616797900262
bike_sharing,UCI Bike Sharing,cnt,0.5,1,dropout,64,0.01,0.5,0.15,privsaf_dropout_hmm,0.9995942265795206,0.9977953158073128,1.0,0.0,0.937007874015748
bike_sharing,UCI Bike Sharing,cnt,0.5,1,dropout,64,0.01,0.5,0.15,rolling_missing_fraction,0.9923291122004357,0.9515812898073978,1.0,7.5,0.720626631853786
bike_sharing,UCI Bike Sharing,cnt,0.5,2,dropout,64,0.01,0.5,0.15,privsaf_dropout_hmm,0.9998134531590414,0.9989488066333782,1.0,0.0,0.9448818897637795
bike_sharing,UCI Bike Sharing,cnt,0.5,2,dropout,64,0.01,0.5,0.15,rolling_missing_fraction,0.9892047930283224,0.9290248189601583,0.8333333333333334,10.0,0.6227390180878553
bike_sharing,UCI Bike Sharing,cnt,0.5,0,dropout,64,0.01,0.75,0.15,privsaf_dropout_hmm,0.9999332788671025,0.9996323723041979,1.0,0.0,0.9448818897637795
bike_sharing,UCI Bike Sharing,cnt,0.5,0,dropout,64,0.01,0.75,0.15,rolling_missing_fraction,0.9930010893246188,0.9496979319259552,0.8333333333333334,14.0,0.5662337662337662
bike_sharing,UCI Bike Sharing,cnt,0.5,1,dropout,64,0.01,0.75,0.15,privsaf_dropout_hmm,0.99942674291939,0.9973982238391017,1.0,0.0,0.931758530183727
bike_sharing,UCI Bike Sharing,cnt,0.5,1,dropout,64,0.01,0.75,0.15,rolling_missing_fraction,0.9934933278867102,0.9550890964292371,0.8333333333333334,11.5,0.5587467362924282
bike_sharing,UCI Bike Sharing,cnt,0.5,2,dropout,64,0.01,0.75,0.15,privsaf_dropout_hmm,0.9999360021786492,0.9996440691166784,1.0,0.0,0.9448818897637795
bike_sharing,UCI Bike Sharing,cnt,0.5,2,dropout,64,0.01,0.75,0.15,rolling_missing_fraction,0.994520697167756,0.9647008277232793,0.8333333333333334,7.0,0.6963350785340314
bike_sharing,UCI Bike Sharing,cnt,1.0,0,dropout,16,0.01,0.25,0.15,privsaf_dropout_hmm,0.9836056644880175,0.9195597625000267,0.9565217391304348,1.0,0.6587926509186351
bike_sharing,UCI Bike Sharing,cnt,1.0,0,dropout,16,0.01,0.25,0.15,rolling_missing_fraction,0.9721207788671025,0.8312665208184077,0.9565217391304348,0.0,0.6536585365853659
bike_sharing,UCI Bike Sharing,cnt,1.0,1,dropout,16,0.01,0.25,0.15,privsaf_dropout_hmm,0.9617715141612201,0.8387701029747298,0.7391304347826086,4.0,0.49081364829396323
bike_sharing,UCI Bike Sharing,cnt,1.0,1,dropout,16,0.01,0.25,0.15,rolling_missing_fraction,0.9420390795206972,0.7386104324745854,0.6956521739130435,6.0,0.47435897435897434
bike_sharing,UCI Bike Sharing,cnt,1.0,2,dropout,16,0.01,0.25,0.15,privsaf_dropout_hmm,0.9547290305010894,0.8572433158092049,0.782608695652174,3.0,0.5354330708661418
bike_sharing,UCI Bike Sharing,cnt,1.0,2,dropout,16,0.01,0.25,0.15,rolling_missing_fraction,0.9337928921568628,0.7447916484170671,0.782608695652174,3.0,0.5049019607843137
bike_sharing,UCI Bike Sharing,cnt,1.0,0,dropout,16,0.01,0.5,0.15,privsaf_dropout_hmm,0.9953608387799564,0.977401425953738,1.0,0.0,0.847769028871391
bike_sharing,UCI Bike Sharing,cnt,1.0,0,dropout,16,0.01,0.5,0.15,rolling_missing_fraction,0.9894274237472767,0.9198431691226722,0.9565217391304348,1.0,0.75
bike_sharing,UCI Bike Sharing,cnt,1.0,1,dropout,16,0.01,0.5,0.15,privsaf_dropout_hmm,0.9927546296296297,0.9641540802109221,1.0,1.0,0.7690288713910761
bike_sharing,UCI Bike Sharing,cnt,1.0,1,dropout,16,0.01,0.5,0.15,rolling_missing_fraction,0.9838003812636165,0.8881145502803673,0.9565217391304348,1.0,0.6821515892420538
bike_sharing,UCI Bike Sharing,cnt,1.0,2,dropout,16,0.01,0.5,0.15,privsaf_dropout_hmm,0.9957952069716776,0.9799619522594265,1.0,0.0,0.8267716535433071
bike_sharing,UCI Bike Sharing,cnt,1.0,2,dropout,16,0.01,0.5,0.15,rolling_missing_fraction,0.9880678104575163,0.9196333454163745,0.9565217391304348,1.0,0.712082262210797
bike_sharing,UCI Bike Sharing,cnt,1.0,0,dropout,16,0.01,0.75,0.15,privsaf_dropout_hmm,0.9988657407407407,0.9939331835196201,1.0,0.0,0.910761154855643
bike_sharing,UCI Bike Sharing,cnt,1.0,0,dropout,16,0.01,0.75,0.15,rolling_missing_fraction,0.9947058823529412,0.9563170243917521,0.9565217391304348,1.0,0.8367875647668394
bike_sharing,UCI Bike Sharing,cnt,1.0,1,dropout,16,0.01,0.75,0.15,privsaf_dropout_hmm,0.9988977396514161,0.9941094433374927,1.0,0.0,0.910761154855643
bike_sharing,UCI Bike Sharing,cnt,1.0,1,dropout,16,0.01,0.75,0.15,rolling_missing_fraction,0.992962962962963,0.9456892187111706,1.0,0.0,0.8079800498753117
bike_sharing,UCI Bike Sharing,cnt,1.0,2,dropout,16,0.01,0.75,0.15,privsaf_dropout_hmm,0.9990223311546841,0.9948440243416468,1.0,0.0,0.9212598425196851
bike_sharing,UCI Bike Sharing,cnt,1.0,2,dropout,16,0.01,0.75,0.15,rolling_missing_fraction,0.9938834422657952,0.9544409726370445,0.9565217391304348,0.0,0.8112745098039216
bike_sharing,UCI Bike Sharing,cnt,1.0,0,dropout,64,0.01,0.25,0.15,privsaf_dropout_hmm,0.9985566448801744,0.9924742228884013,1.0,0.0,0.905511811023622
bike_sharing,UCI Bike Sharing,cnt,1.0,0,dropout,64,0.01,0.25,0.15,rolling_missing_fraction,0.9918368736383442,0.9391717398114366,1.0,9.0,0.6623376623376623
bike_sharing,UCI Bike Sharing,cnt,1.0,1,dropout,64,0.01,0.25,0.15,privsaf_dropout_hmm,0.9961301742919391,0.9786490387454099,1.0,3.5,0.8241469816272966
bike_sharing,UCI Bike Sharing,cnt,1.0,1,dropout,64,0.01,0.25,0.15,rolling_missing_fraction,0.984182325708061,0.8867970757235909,1.0,11.5,0.5421994884910486
bike_sharing,UCI Bike Sharing,cnt,1.0,2,dropout,64,0.01,0.25,0.15,privsaf_dropout_hmm,0.9953063725490195,0.9794939510689239,1.0,0.0,0.8582677165354331
bike_sharing,UCI Bike Sharing,cnt,1.0,2,dropout,64,0.01,0.25,0.15,rolling_missing_fraction,0.9829813453159041,0.8701303472876656,0.6666666666666666,15.0,0.3785900783289817
bike_sharing,UCI Bike Sharing,cnt,1.0,0,dropout,64,0.01,0.5,0.15,privsaf_dropout_hmm,0.9998747276688453,0.9993021422118358,1.0,0.0,0.9448818897637795
bike_sharing,UCI Bike Sharing,cnt,1.0,0,dropout,64,0.01,0.5,0.15,rolling_missing_fraction,0.9954970043572984,0.970328890820183,0.8333333333333334,4.5,0.734375
bike_sharing,UCI Bike Sharing,cnt,1.0,1,dropout,64,0.01,0.5,0.15,privsaf_dropout_hmm,0.999650054466231,0.9980414065750384,1.0,0.0,0.9396325459317585
bike_sharing,UCI Bike Sharing,cnt,1.0,1,dropout,64,0.01,0.5,0.15,rolling_missing_fraction,0.9920969498910674,0.9491484960361692,1.0,6.5,0.6553524804177546
bike_sharing,UCI Bike Sharing,cnt,1.0,2,dropout,64,0.01,0.5,0.15,privsaf_dropout_hmm,0.9994185729847496,0.9968793188196845,1.0,0.0,0.931758530183727
bike_sharing,UCI Bike Sharing,cnt,1.0,2,dropout,64,0.01,0.5,0.15,rolling_missing_fraction,0.989901279956427,0.9256308708438806,0.8333333333333334,7.0,0.5890052356020943
bike_sharing,UCI Bike Sharing,cnt,1.0,0,dropout,64,0.01,0.75,0.15,privsaf_dropout_hmm,0.9999836601307188,0.999910394265233,1.0,0.0,0.9448818897637795
bike_sharing,UCI Bike Sharing,cnt,1.0,0,dropout,64,0.01,0.75,0.15,rolling_missing_fraction,0.995709422657952,0.9708140841341485,1.0,6.0,0.7558441558441559
bike_sharing,UCI Bike Sharing,cnt,1.0,1,dropout,64,0.01,0.75,0.15,privsaf_dropout_hmm,0.9999414488017428,0.999672237159591,1.0,0.0,0.9448818897637795
bike_sharing,UCI Bike Sharing,cnt,1.0,1,dropout,64,0.01,0.75,0.15,rolling_missing_fraction,0.9963609749455338,0.975531922255145,1.0,4.5,0.7853403141361257
bike_sharing,UCI Bike Sharing,cnt,1.0,2,dropout,64,0.01,0.75,0.15,privsaf_dropout_hmm,0.9999496187363834,0.9997264833368817,1.0,0.0,0.9422572178477691
bike_sharing,UCI Bike Sharing,cnt,1.0,2,dropout,64,0.01,0.75,0.15,rolling_missing_fraction,0.991781045751634,0.9428852472155139,0.8333333333333334,14.5,0.5654450261780105
bike_sharing,UCI Bike Sharing,cnt,2.0,0,dropout,16,0.01,0.25,0.15,privsaf_dropout_hmm,0.9587826797385621,0.8723200835010783,0.8695652173913043,1.0,0.6272965879265092
bike_sharing,UCI Bike Sharing,cnt,2.0,0,dropout,16,0.01,0.25,0.15,rolling_missing_fraction,0.929488017429194,0.7665667322269573,0.8260869565217391,3.0,0.5866336633663366
bike_sharing,UCI Bike Sharing,cnt,2.0,1,dropout,16,0.01,0.25,0.15,privsaf_dropout_hmm,0.9601171023965142,0.8334467285771108,0.8695652173913043,2.0,0.49081364829396323
bike_sharing,UCI Bike Sharing,cnt,2.0,1,dropout,16,0.01,0.25,0.15,rolling_missing_fraction,0.9499305555555556,0.741595868058924,0.8695652173913043,4.0,0.5074626865671642
bike_sharing,UCI Bike Sharing,cnt,2.0,2,dropout,16,0.01,0.25,0.15,privsaf_dropout_hmm,0.9569594226579521,0.8472264117950404,0.8260869565217391,3.0,0.5380577427821522
bike_sharing,UCI Bike Sharing,cnt,2.0,2,dropout,16,0.01,0.25,0.15,rolling_missing_fraction,0.9445921840958605,0.7846920351653832,0.8260869565217391,0.0,0.6
bike_sharing,UCI Bike Sharing,cnt,2.0,0,dropout,16,0.01,0.5,0.15,privsaf_dropout_hmm,0.9949005991285402,0.9804465577478396,1.0,0.0,0.8582677165354331
bike_sharing,UCI Bike Sharing,cnt,2.0,0,dropout,16,0.01,0.5,0.15,rolling_missing_fraction,0.983526688453159,0.8968269057829035,0.9565217391304348,0.0,0.7272727272727273
bike_sharing,UCI Bike Sharing,cnt,2.0,1,dropout,16,0.01,0.5,0.15,privsaf_dropout_hmm,0.9908898420479303,0.9599662422391143,1.0,0.0,0.7979002624671916
bike_sharing,UCI Bike Sharing,cnt,2.0,1,dropout,16,0.01,0.5,0.15,rolling_missing_fraction,0.9800272331154685,0.874890249371703,0.8695652173913043,0.0,0.6384615384615384
bike_sharing,UCI Bike Sharing,cnt,2.0,2,dropout,16,0.01,0.5,0.15,privsaf_dropout_hmm,0.9934368191721132,0.9701622133927661,1.0,0.0,0.8398950131233596
bike_sharing,UCI Bike Sharing,cnt,2.0,2,dropout,16,0.01,0.5,0.15,rolling_missing_fraction,0.9850388071895424,0.8987449359951031,0.9565217391304348,0.0,0.6862244897959183
bike_sharing,UCI Bike Sharing,cnt,2.0,0,dropout,16,0.01,0.75,0.15,privsaf_dropout_hmm,0.9995717592592592,0.9977417670899219,1.0,0.0,0.931758530183727
bike_sharing,UCI Bike Sharing,cnt,2.0,0,dropout,16,0.01,0.75,0.15,rolling_missing_fraction,0.992890114379085,0.9487375167347323,0.9565217391304348,0.0,0.7980295566502463
bike_sharing,UCI Bike Sharing,cnt,2.0,1,dropout,16,0.01,0.75,0.15,privsaf_dropout_hmm,0.9978390522875817,0.9908924876676065,1.0,0.0,0.905511811023622
bike_sharing,UCI Bike Sharing,cnt,2.0,1,dropout,16,0.01,0.75,0.15,rolling_missing_fraction,0.9930787037037037,0.9464889005560798,1.0,0.0,0.7948051948051948
bike_sharing,UCI Bike Sharing,cnt,2.0,2,dropout,16,0.01,0.75,0.15,privsaf_dropout_hmm,0.9986097494553376,0.993630186747944,1.0,0.0,0.9133858267716536
bike_sharing,UCI Bike Sharing,cnt,2.0,2,dropout,16,0.01,0.75,0.15,rolling_missing_fraction,0.9942306644880174,0.9571805904143231,0.9565217391304348,0.0,0.812807881773399
bike_sharing,UCI Bike Sharing,cnt,2.0,0,dropout,64,0.01,0.25,0.15,privsaf_dropout_hmm,0.9965713507625272,0.9842785270072503,1.0,2.0,0.8661417322834646
bike_sharing,UCI Bike Sharing,cnt,2.0,0,dropout,64,0.01,0.25,0.15,rolling_missing_fraction,0.9834306917211328,0.8925089076798404,0.8333333333333334,0.5,0.6005221932114883
bike_sharing,UCI Bike Sharing,cnt,2.0,1,dropout,64,0.01,0.25,0.15,privsaf_dropout_hmm,0.9947317538126361,0.977305721660373,1.0,0.0,0.84251968503937
bike_sharing,UCI Bike Sharing,cnt,2.0,1,dropout,64,0.01,0.25,0.15,rolling_missing_fraction,0.9897984749455337,0.9230416345205102,1.0,10.0,0.6062992125984252
bike_sharing,UCI Bike Sharing,cnt,2.0,2,dropout,64,0.01,0.25,0.15,privsaf_dropout_hmm,0.9983932461873638,0.9916844908070226,1.0,2.0,0.8976377952755905
bike_sharing,UCI Bike Sharing,cnt,2.0,2,dropout,64,0.01,0.25,0.15,rolling_missing_fraction,0.9843198529411765,0.9017455990882193,0.8333333333333334,2.5,0.6175710594315246
bike_sharing,UCI Bike Sharing,cnt,2.0,0,dropout,64,0.01,0.5,0.15,privsaf_dropout_hmm,0.9999074074074074,0.9994903596473933,1.0,0.0,0.9422572178477691
bike_sharing,UCI Bike Sharing,cnt,2.0,0,dropout,64,0.01,0.5,0.15,rolling_missing_fraction,0.9941162854030501,0.962118746632142,1.0,2.0,0.7637795275590551
bike_sharing,UCI Bike Sharing,cnt,2.0,1,dropout,64,0.01,0.5,0.15,privsaf_dropout_hmm,0.9983142701525054,0.9927424467894032,1.0,0.0,0.9002624671916011
bike_sharing,UCI Bike Sharing,cnt,2.0,1,dropout,64,0.01,0.5,0.15,rolling_missing_fraction,0.9961628540305011,0.9761566030422404,1.0,5.0,0.8597402597402597
bike_sharing,UCI Bike Sharing,cnt,2.0,2,dropout,64,0.01,0.5,0.15,privsaf_dropout_hmm,0.9998107298474945,0.9989576094828764,1.0,0.0,0.9396325459317585
bike_sharing,UCI Bike Sharing,cnt,2.0,2,dropout,64,0.01,0.5,0.15,rolling_missing_fraction,0.9910893246187362,0.9377446735092971,1.0,6.5,0.6434108527131783
bike_sharing,UCI Bike Sharing,cnt,2.0,0,dropout,64,0.01,0.75,0.15,privsaf_dropout_hmm,0.9999918300653595,0.9999538317121139,1.0,0.0,0.9448818897637795
bike_sharing,UCI Bike Sharing,cnt,2.0,0,dropout,64,0.01,0.75,0.15,rolling_missing_fraction,0.9948863017429194,0.9637251178814283,1.0,7.0,0.7172774869109948
bike_sharing,UCI Bike Sharing,cnt,2.0,1,dropout,64,0.01,0.75,0.15,privsaf_dropout_hmm,0.9999754901960785,0.9998643739106954,1.0,0.0,0.9448818897637795
bike_sharing,UCI Bike Sharing,cnt,2.0,1,dropout,64,0.01,0.75,0.15,rolling_missing_fraction,0.9960021786492375,0.9742000957808729,1.0,2.5,0.8485639686684073
bike_sharing,UCI Bike Sharing,cnt,2.0,2,dropout,64,0.01,0.75,0.15,privsaf_dropout_hmm,0.9998665577342047,0.9993017572525063,1.0,0.0,0.9396325459317585
bike_sharing,UCI Bike Sharing,cnt,2.0,2,dropout,64,0.01,0.75,0.15,rolling_missing_fraction,0.9935634531590412,0.9529333513657796,0.8333333333333334,13.5,0.5680628272251309
beijing_air,UCI Beijing Multi-Site Air,Aotizhongxin PM2.5,0.5,0,dropout,16,0.01,0.25,0.15,privsaf_dropout_hmm,0.9673842592592592,0.8767073515714854,0.8695652173913043,1.0,0.5590551181102362
beijing_air,UCI Beijing Multi-Site Air,Aotizhongxin PM2.5,0.5,0,dropout,16,0.01,0.25,0.15,rolling_missing_fraction,0.9464208877995641,0.7901456026803406,0.782608695652174,1.0,0.553030303030303
beijing_air,UCI Beijing Multi-Site Air,Aotizhongxin PM2.5,0.5,1,dropout,16,0.01,0.25,0.15,privsaf_dropout_hmm,0.958656045751634,0.8574940919713,0.8695652173913043,0.0,0.5748031496062992
beijing_air,UCI Beijing Multi-Site Air,Aotizhongxin PM2.5,0.5,1,dropout,16,0.01,0.25,0.15,rolling_missing_fraction,0.9275354030501091,0.7268097473594033,0.782608695652174,1.0,0.5138539042821159
beijing_air,UCI Beijing Multi-Site Air,Aotizhongxin PM2.5,0.5,2,dropout,16,0.01,0.25,0.15,privsaf_dropout_hmm,0.97354302832244,0.9017230486260802,0.9130434782608695,1.0,0.6771653543307087
beijing_air,UCI Beijing Multi-Site Air,Aotizhongxin PM2.5,0.5,2,dropout,16,0.01,0.25,0.15,rolling_missing_fraction,0.9581120642701526,0.806745390862984,0.782608695652174,1.0,0.5538847117794486
beijing_air,UCI Beijing Multi-Site Air,Aotizhongxin PM2.5,0.5,0,dropout,16,0.01,0.5,0.15,privsaf_dropout_hmm,0.9972644335511982,0.9860007753881243,1.0,0.0,0.868766404199475
beijing_air,UCI Beijing Multi-Site Air,Aotizhongxin PM2.5,0.5,0,dropout,16,0.01,0.5,0.15,rolling_missing_fraction,0.9868879357298475,0.9089466295024348,0.9565217391304348,1.0,0.6675257731958762
beijing_air,UCI Beijing Multi-Site Air,Aotizhongxin PM2.5,0.5,1,dropout,16,0.01,0.5,0.15,privsaf_dropout_hmm,0.991710239651416,0.9614900241656166,1.0,0.0,0.8162729658792651
beijing_air,UCI Beijing Multi-Site Air,Aotizhongxin PM2.5,0.5,1,dropout,16,0.01,0.5,0.15,rolling_missing_fraction,0.9828261165577342,0.8769106944342019,0.9565217391304348,0.0,0.6469072164948454
beijing_air,UCI Beijing Multi-Site Air,Aotizhongxin PM2.5,0.5,2,dropout,16,0.01,0.5,0.15,privsaf_dropout_hmm,0.9959082244008713,0.9821340031712518,1.0,0.0,0.8713910761154856
beijing_air,UCI Beijing Multi-Site Air,Aotizhongxin PM2.5,0.5,2,dropout,16,0.01,0.5,0.15,rolling_missing_fraction,0.9902723311546842,0.9302812396181005,1.0,0.0,0.7613065326633166
beijing_air,UCI Beijing Multi-Site Air,Aotizhongxin PM2.5,0.5,0,dropout,16,0.01,0.75,0.15,privsaf_dropout_hmm,0.9993218954248366,0.9962842065450387,1.0,0.0,0.926509186351706
beijing_air,UCI Beijing Multi-Site Air,Aotizhongxin PM2.5,0.5,0,dropout,16,0.01,0.75,0.15,rolling_missing_fraction,0.9953281590413944,0.9633176809453917,1.0,0.0,0.8325242718446602
beijing_air,UCI Beijing Multi-Site Air,Aotizhongxin PM2.5,0.5,1,dropout,16,0.01,0.75,0.15,privsaf_dropout_hmm,0.9988058278867102,0.9937404667692832,1.0,0.0,0.9081364829396326
beijing_air,UCI Beijing Multi-Site Air,Aotizhongxin PM2.5,0.5,1,dropout,16,0.01,0.75,0.15,rolling_missing_fraction,0.9926756535947712,0.937522775184207,1.0,1.0,0.7454068241469817
beijing_air,UCI Beijing Multi-Site Air,Aotizhongxin PM2.5,0.5,2,dropout,16,0.01,0.75,0.15,privsaf_dropout_hmm,0.999353894335512,0.9965957521371873,1.0,0.0,0.926509186351706
beijing_air,UCI Beijing Multi-Site Air,Aotizhongxin PM2.5,0.5,2,dropout,16,0.01,0.75,0.15,rolling_missing_fraction,0.9960634531590414,0.9707243190243839,1.0,0.0,0.8642297650130548
beijing_air,UCI Beijing Multi-Site Air,Aotizhongxin PM2.5,0.5,0,dropout,64,0.01,0.25,0.15,privsaf_dropout_hmm,0.9993899782135076,0.9966712946998055,1.0,0.0,0.926509186351706
beijing_air,UCI Beijing Multi-Site Air,Aotizhongxin PM2.5,0.5,0,dropout,64,0.01,0.25,0.15,rolling_missing_fraction,0.9848297930283225,0.9094743273449861,0.8333333333333334,6.5,0.6191709844559585
beijing_air,UCI Beijing Multi-Site Air,Aotizhongxin PM2.5,0.5,1,dropout,64,0.01,0.25,0.15,privsaf_dropout_hmm,0.9967837690631809,0.9865240309193634,1.0,0.0,0.8923884514435696
beijing_air,UCI Beijing Multi-Site Air,Aotizhongxin PM2.5,0.5,1,dropout,64,0.01,0.25,0.15,rolling_missing_fraction,0.9849945533769063,0.9090605021099241,1.0,3.0,0.7125
beijing_air,UCI Beijing Multi-Site Air,Aotizhongxin PM2.5,0.5,2,dropout,64,0.01,0.25,0.15,privsaf_dropout_hmm,0.9948556644880175,0.9732953804441493,1.0,5.0,0.7664041994750657
beijing_air,UCI Beijing Multi-Site Air,Aotizhongxin PM2.5,0.5,2,dropout,64,0.01,0.25,0.15,rolling_missing_fraction,0.9847760076252723,0.8935233944736565,0.8333333333333334,14.5,0.5529715762273901
beijing_air,UCI Beijing Multi-Site Air,Aotizhongxin PM2.5,0.5,0,dropout,64,0.01,0.5,0.15,privsaf_dropout_hmm,0.9999291938997821,0.9996097791003064,1.0,0.0,0.9422572178477691
beijing_air,UCI Beijing Multi-Site Air,Aotizhongxin PM2.5,0.5,0,dropout,64,0.01,0.5,0.15,rolling_missing_fraction,0.9913664215686275,0.9380844395131391,0.8333333333333334,16.5,0.5065616797900262
beijing_air,UCI Beijing Multi-Site Air,Aotizhongxin PM2.5,0.5,1,dropout,64,0.01,0.5,0.15,privsaf_dropout_hmm,0.9995942265795206,0.997795315807313,1.0,0.0,0.937007874015748
beijing_air,UCI Beijing Multi-Site Air,Aotizhongxin PM2.5,0.5,1,dropout,64,0.01,0.5,0.15,rolling_missing_fraction,0.9923291122004357,0.9515812898073978,1.0,7.5,0.720626631853786
beijing_air,UCI Beijing Multi-Site Air,Aotizhongxin PM2.5,0.5,2,dropout,64,0.01,0.5,0.15,privsaf_dropout_hmm,0.9998134531590414,0.9989488066333783,1.0,0.0,0.9448818897637795
beijing_air,UCI Beijing Multi-Site Air,Aotizhongxin PM2.5,0.5,2,dropout,64,0.01,0.5,0.15,rolling_missing_fraction,0.9892047930283224,0.9290248189601583,0.8333333333333334,10.0,0.6227390180878553
beijing_air,UCI Beijing Multi-Site Air,Aotizhongxin PM2.5,0.5,0,dropout,64,0.01,0.75,0.15,privsaf_dropout_hmm,0.9999332788671025,0.999632372304198,1.0,0.0,0.9448818897637795
beijing_air,UCI Beijing Multi-Site Air,Aotizhongxin PM2.5,0.5,0,dropout,64,0.01,0.75,0.15,rolling_missing_fraction,0.9930010893246188,0.9496979319259552,0.8333333333333334,14.0,0.5662337662337662
beijing_air,UCI Beijing Multi-Site Air,Aotizhongxin PM2.5,0.5,1,dropout,64,0.01,0.75,0.15,privsaf_dropout_hmm,0.9994274237472767,0.9973982238391017,1.0,0.0,0.931758530183727
beijing_air,UCI Beijing Multi-Site Air,Aotizhongxin PM2.5,0.5,1,dropout,64,0.01,0.75,0.15,rolling_missing_fraction,0.9934933278867102,0.9550890964292371,0.8333333333333334,11.5,0.5587467362924282
beijing_air,UCI Beijing Multi-Site Air,Aotizhongxin PM2.5,0.5,2,dropout,64,0.01,0.75,0.15,privsaf_dropout_hmm,0.9999360021786492,0.9996440691166784,1.0,0.0,0.9448818897637795
beijing_air,UCI Beijing Multi-Site Air,Aotizhongxin PM2.5,0.5,2,dropout,64,0.01,0.75,0.15,rolling_missing_fraction,0.994520697167756,0.9647008277232793,0.8333333333333334,7.0,0.6963350785340314
beijing_air,UCI Beijing Multi-Site Air,Aotizhongxin PM2.5,1.0,0,dropout,16,0.01,0.25,0.15,privsaf_dropout_hmm,0.9836056644880175,0.9195597625000268,0.9565217391304348,1.0,0.6587926509186351
beijing_air,UCI Beijing Multi-Site Air,Aotizhongxin PM2.5,1.0,0,dropout,16,0.01,0.25,0.15,rolling_missing_fraction,0.9721207788671025,0.8312665208184077,0.9565217391304348,0.0,0.6536585365853659
beijing_air,UCI Beijing Multi-Site Air,Aotizhongxin PM2.5,1.0,1,dropout,16,0.01,0.25,0.15,privsaf_dropout_hmm,0.9617715141612201,0.8387701029747298,0.7391304347826086,4.0,0.49081364829396323
beijing_air,UCI Beijing Multi-Site Air,Aotizhongxin PM2.5,1.0,1,dropout,16,0.01,0.25,0.15,rolling_missing_fraction,0.9420390795206972,0.7386104324745854,0.6956521739130435,6.0,0.47435897435897434
beijing_air,UCI Beijing Multi-Site Air,Aotizhongxin PM2.5,1.0,2,dropout,16,0.01,0.25,0.15,privsaf_dropout_hmm,0.9547290305010894,0.8572433158092049,0.782608695652174,3.0,0.5354330708661418
beijing_air,UCI Beijing Multi-Site Air,Aotizhongxin PM2.5,1.0,2,dropout,16,0.01,0.25,0.15,rolling_missing_fraction,0.9337928921568628,0.7447916484170671,0.782608695652174,3.0,0.5049019607843137
beijing_air,UCI Beijing Multi-Site Air,Aotizhongxin PM2.5,1.0,0,dropout,16,0.01,0.5,0.15,privsaf_dropout_hmm,0.9953608387799564,0.9774008640093065,1.0,0.0,0.847769028871391
beijing_air,UCI Beijing Multi-Site Air,Aotizhongxin PM2.5,1.0,0,dropout,16,0.01,0.5,0.15,rolling_missing_fraction,0.9894274237472767,0.9198431691226722,0.9565217391304348,1.0,0.75
beijing_air,UCI Beijing Multi-Site Air,Aotizhongxin PM2.5,1.0,1,dropout,16,0.01,0.5,0.15,privsaf_dropout_hmm,0.9927546296296296,0.9641540802109221,1.0,1.0,0.7690288713910761
beijing_air,UCI Beijing Multi-Site Air,Aotizhongxin PM2.5,1.0,1,dropout,16,0.01,0.5,0.15,rolling_missing_fraction,0.9838003812636165,0.8881145502803673,0.9565217391304348,1.0,0.6821515892420538
beijing_air,UCI Beijing Multi-Site Air,Aotizhongxin PM2.5,1.0,2,dropout,16,0.01,0.5,0.15,privsaf_dropout_hmm,0.9957952069716776,0.9799619522594266,1.0,0.0,0.8267716535433071
beijing_air,UCI Beijing Multi-Site Air,Aotizhongxin PM2.5,1.0,2,dropout,16,0.01,0.5,0.15,rolling_missing_fraction,0.9880678104575163,0.9196333454163745,0.9565217391304348,1.0,0.712082262210797
beijing_air,UCI Beijing Multi-Site Air,Aotizhongxin PM2.5,1.0,0,dropout,16,0.01,0.75,0.15,privsaf_dropout_hmm,0.9988643790849674,0.9939278177156788,1.0,0.0,0.910761154855643
beijing_air,UCI Beijing Multi-Site Air,Aotizhongxin PM2.5,1.0,0,dropout,16,0.01,0.75,0.15,rolling_missing_fraction,0.9947058823529412,0.9563170243917521,0.9565217391304348,1.0,0.8367875647668394
beijing_air,UCI Beijing Multi-Site Air,Aotizhongxin PM2.5,1.0,1,dropout,16,0.01,0.75,0.15,privsaf_dropout_hmm,0.9988984204793028,0.9941168982126769,1.0,0.0,0.910761154855643
beijing_air,UCI Beijing Multi-Site Air,Aotizhongxin PM2.5,1.0,1,dropout,16,0.01,0.75,0.15,rolling_missing_fraction,0.992962962962963,0.9456892187111706,1.0,0.0,0.8079800498753117
beijing_air,UCI Beijing Multi-Site Air,Aotizhongxin PM2.5,1.0,2,dropout,16,0.01,0.75,0.15,privsaf_dropout_hmm,0.9990223311546841,0.9948440243416468,1.0,0.0,0.9212598425196851
beijing_air,UCI Beijing Multi-Site Air,Aotizhongxin PM2.5,1.0,2,dropout,16,0.01,0.75,0.15,rolling_missing_fraction,0.9938834422657952,0.9544409726370445,0.9565217391304348,0.0,0.8112745098039216
beijing_air,UCI Beijing Multi-Site Air,Aotizhongxin PM2.5,1.0,0,dropout,64,0.01,0.25,0.15,privsaf_dropout_hmm,0.9985566448801744,0.9924742228884014,1.0,0.0,0.905511811023622
beijing_air,UCI Beijing Multi-Site Air,Aotizhongxin PM2.5,1.0,0,dropout,64,0.01,0.25,0.15,rolling_missing_fraction,0.9918368736383442,0.9391717398114366,1.0,9.0,0.6623376623376623
beijing_air,UCI Beijing Multi-Site Air,Aotizhongxin PM2.5,1.0,1,dropout,64,0.01,0.25,0.15,privsaf_dropout_hmm,0.996130174291939,0.9786490387454099,1.0,3.5,0.8241469816272966
beijing_air,UCI Beijing Multi-Site Air,Aotizhongxin PM2.5,1.0,1,dropout,64,0.01,0.25,0.15,rolling_missing_fraction,0.984182325708061,0.8867970757235909,1.0,11.5,0.5421994884910486
beijing_air,UCI Beijing Multi-Site Air,Aotizhongxin PM2.5,1.0,2,dropout,64,0.01,0.25,0.15,privsaf_dropout_hmm,0.9953063725490197,0.9794939510689239,1.0,0.0,0.8582677165354331
beijing_air,UCI Beijing Multi-Site Air,Aotizhongxin PM2.5,1.0,2,dropout,64,0.01,0.25,0.15,rolling_missing_fraction,0.9829813453159041,0.8701303472876656,0.6666666666666666,15.0,0.3785900783289817
beijing_air,UCI Beijing Multi-Site Air,Aotizhongxin PM2.5,1.0,0,dropout,64,0.01,0.5,0.15,privsaf_dropout_hmm,0.9998747276688453,0.9993021422118358,1.0,0.0,0.9448818897637795
beijing_air,UCI Beijing Multi-Site Air,Aotizhongxin PM2.5,1.0,0,dropout,64,0.01,0.5,0.15,rolling_missing_fraction,0.9954970043572984,0.970328890820183,0.8333333333333334,4.5,0.734375
beijing_air,UCI Beijing Multi-Site Air,Aotizhongxin PM2.5,1.0,1,dropout,64,0.01,0.5,0.15,privsaf_dropout_hmm,0.9996500544662309,0.9980414065750385,1.0,0.0,0.9396325459317585
beijing_air,UCI Beijing Multi-Site Air,Aotizhongxin PM2.5,1.0,1,dropout,64,0.01,0.5,0.15,rolling_missing_fraction,0.9920969498910674,0.9491484960361692,1.0,6.5,0.6553524804177546
beijing_air,UCI Beijing Multi-Site Air,Aotizhongxin PM2.5,1.0,2,dropout,64,0.01,0.5,0.15,privsaf_dropout_hmm,0.9994185729847495,0.9968793188196845,1.0,0.0,0.931758530183727
beijing_air,UCI Beijing Multi-Site Air,Aotizhongxin PM2.5,1.0,2,dropout,64,0.01,0.5,0.15,rolling_missing_fraction,0.989901279956427,0.9256308708438806,0.8333333333333334,7.0,0.5890052356020943
beijing_air,UCI Beijing Multi-Site Air,Aotizhongxin PM2.5,1.0,0,dropout,64,0.01,0.75,0.15,privsaf_dropout_hmm,0.999983660130719,0.999910394265233,1.0,0.0,0.9448818897637795
beijing_air,UCI Beijing Multi-Site Air,Aotizhongxin PM2.5,1.0,0,dropout,64,0.01,0.75,0.15,rolling_missing_fraction,0.995709422657952,0.9708140841341485,1.0,6.0,0.7558441558441559
beijing_air,UCI Beijing Multi-Site Air,Aotizhongxin PM2.5,1.0,1,dropout,64,0.01,0.75,0.15,privsaf_dropout_hmm,0.999941448801743,0.999672237159591,1.0,0.0,0.9448818897637795
beijing_air,UCI Beijing Multi-Site Air,Aotizhongxin PM2.5,1.0,1,dropout,64,0.01,0.75,0.15,rolling_missing_fraction,0.9963609749455338,0.975531922255145,1.0,4.5,0.7853403141361257
beijing_air,UCI Beijing Multi-Site Air,Aotizhongxin PM2.5,1.0,2,dropout,64,0.01,0.75,0.15,privsaf_dropout_hmm,0.9999496187363834,0.9997264833368817,1.0,0.0,0.9422572178477691
beijing_air,UCI Beijing Multi-Site Air,Aotizhongxin PM2.5,1.0,2,dropout,64,0.01,0.75,0.15,rolling_missing_fraction,0.991781045751634,0.9428852472155139,0.8333333333333334,14.5,0.5654450261780105
beijing_air,UCI Beijing Multi-Site Air,Aotizhongxin PM2.5,2.0,0,dropout,16,0.01,0.25,0.15,privsaf_dropout_hmm,0.9587826797385621,0.8723200835010783,0.8695652173913043,1.0,0.6272965879265092
beijing_air,UCI Beijing Multi-Site Air,Aotizhongxin PM2.5,2.0,0,dropout,16,0.01,0.25,0.15,rolling_missing_fraction,0.929488017429194,0.7665667322269573,0.8260869565217391,3.0,0.5866336633663366
beijing_air,UCI Beijing Multi-Site Air,Aotizhongxin PM2.5,2.0,1,dropout,16,0.01,0.25,0.15,privsaf_dropout_hmm,0.9601171023965142,0.8334467285771108,0.8695652173913043,2.0,0.49081364829396323
beijing_air,UCI Beijing Multi-Site Air,Aotizhongxin PM2.5,2.0,1,dropout,16,0.01,0.25,0.15,rolling_missing_fraction,0.9499305555555556,0.741595868058924,0.8695652173913043,4.0,0.5074626865671642
beijing_air,UCI Beijing Multi-Site Air,Aotizhongxin PM2.5,2.0,2,dropout,16,0.01,0.25,0.15,privsaf_dropout_hmm,0.9569594226579521,0.8472264117950404,0.8260869565217391,3.0,0.5380577427821522
beijing_air,UCI Beijing Multi-Site Air,Aotizhongxin PM2.5,2.0,2,dropout,16,0.01,0.25,0.15,rolling_missing_fraction,0.9445921840958605,0.7846920351653832,0.8260869565217391,0.0,0.6
beijing_air,UCI Beijing Multi-Site Air,Aotizhongxin PM2.5,2.0,0,dropout,16,0.01,0.5,0.15,privsaf_dropout_hmm,0.9949005991285402,0.9804465577478396,1.0,0.0,0.8582677165354331
beijing_air,UCI Beijing Multi-Site Air,Aotizhongxin PM2.5,2.0,0,dropout,16,0.01,0.5,0.15,rolling_missing_fraction,0.983526688453159,0.8968269057829035,0.9565217391304348,0.0,0.7272727272727273
beijing_air,UCI Beijing Multi-Site Air,Aotizhongxin PM2.5,2.0,1,dropout,16,0.01,0.5,0.15,privsaf_dropout_hmm,0.9908912037037036,0.9599704324349209,1.0,0.0,0.7979002624671916
beijing_air,UCI Beijing Multi-Site Air,Aotizhongxin PM2.5,2.0,1,dropout,16,0.01,0.5,0.15,rolling_missing_fraction,0.9800272331154685,0.874890249371703,0.8695652173913043,0.0,0.6384615384615384
beijing_air,UCI Beijing Multi-Site Air,Aotizhongxin PM2.5,2.0,2,dropout,16,0.01,0.5,0.15,privsaf_dropout_hmm,0.9934368191721132,0.970162213392766,1.0,0.0,0.8398950131233596
beijing_air,UCI Beijing Multi-Site Air,Aotizhongxin PM2.5,2.0,2,dropout,16,0.01,0.5,0.15,rolling_missing_fraction,0.9850388071895424,0.8987449359951031,0.9565217391304348,0.0,0.6862244897959183
beijing_air,UCI Beijing Multi-Site Air,Aotizhongxin PM2.5,2.0,0,dropout,16,0.01,0.75,0.15,privsaf_dropout_hmm,0.999574482570806,0.9977565265567362,1.0,0.0,0.931758530183727
beijing_air,UCI Beijing Multi-Site Air,Aotizhongxin PM2.5,2.0,0,dropout,16,0.01,0.75,0.15,rolling_missing_fraction,0.992890114379085,0.9487375167347323,0.9565217391304348,0.0,0.7980295566502463
beijing_air,UCI Beijing Multi-Site Air,Aotizhongxin PM2.5,2.0,1,dropout,16,0.01,0.75,0.15,privsaf_dropout_hmm,0.9978390522875817,0.9908924876676065,1.0,0.0,0.905511811023622
beijing_air,UCI Beijing Multi-Site Air,Aotizhongxin PM2.5,2.0,1,dropout,16,0.01,0.75,0.15,rolling_missing_fraction,0.9930787037037037,0.9464889005560798,1.0,0.0,0.7948051948051948
beijing_air,UCI Beijing Multi-Site Air,Aotizhongxin PM2.5,2.0,2,dropout,16,0.01,0.75,0.15,privsaf_dropout_hmm,0.9986097494553376,0.993630186747944,1.0,0.0,0.9133858267716536
beijing_air,UCI Beijing Multi-Site Air,Aotizhongxin PM2.5,2.0,2,dropout,16,0.01,0.75,0.15,rolling_missing_fraction,0.9942306644880174,0.9571805904143231,0.9565217391304348,0.0,0.812807881773399
beijing_air,UCI Beijing Multi-Site Air,Aotizhongxin PM2.5,2.0,0,dropout,64,0.01,0.25,0.15,privsaf_dropout_hmm,0.9965767973856209,0.9842996551832008,1.0,2.0,0.8661417322834646
beijing_air,UCI Beijing Multi-Site Air,Aotizhongxin PM2.5,2.0,0,dropout,64,0.01,0.25,0.15,rolling_missing_fraction,0.9834306917211328,0.8925089076798404,0.8333333333333334,0.5,0.6005221932114883
beijing_air,UCI Beijing Multi-Site Air,Aotizhongxin PM2.5,2.0,1,dropout,64,0.01,0.25,0.15,privsaf_dropout_hmm,0.9947317538126361,0.977305721660373,1.0,0.0,0.84251968503937
beijing_air,UCI Beijing Multi-Site Air,Aotizhongxin PM2.5,2.0,1,dropout,64,0.01,0.25,0.15,rolling_missing_fraction,0.9897984749455337,0.9230416345205102,1.0,10.0,0.6062992125984252
beijing_air,UCI Beijing Multi-Site Air,Aotizhongxin PM2.5,2.0,2,dropout,64,0.01,0.25,0.15,privsaf_dropout_hmm,0.9983932461873638,0.9916844908070226,1.0,2.0,0.8976377952755905
beijing_air,UCI Beijing Multi-Site Air,Aotizhongxin PM2.5,2.0,2,dropout,64,0.01,0.25,0.15,rolling_missing_fraction,0.9843198529411765,0.9017455990882193,0.8333333333333334,2.5,0.6175710594315246
beijing_air,UCI Beijing Multi-Site Air,Aotizhongxin PM2.5,2.0,0,dropout,64,0.01,0.5,0.15,privsaf_dropout_hmm,0.9999074074074074,0.9994903596473932,1.0,0.0,0.9422572178477691
beijing_air,UCI Beijing Multi-Site Air,Aotizhongxin PM2.5,2.0,0,dropout,64,0.01,0.5,0.15,rolling_missing_fraction,0.9941162854030501,0.962118746632142,1.0,2.0,0.7637795275590551
beijing_air,UCI Beijing Multi-Site Air,Aotizhongxin PM2.5,2.0,1,dropout,64,0.01,0.5,0.15,privsaf_dropout_hmm,0.9983142701525054,0.9927424467894032,1.0,0.0,0.9002624671916011
beijing_air,UCI Beijing Multi-Site Air,Aotizhongxin PM2.5,2.0,1,dropout,64,0.01,0.5,0.15,rolling_missing_fraction,0.9961628540305011,0.9761566030422404,1.0,5.0,0.8597402597402597
beijing_air,UCI Beijing Multi-Site Air,Aotizhongxin PM2.5,2.0,2,dropout,64,0.01,0.5,0.15,privsaf_dropout_hmm,0.9998107298474945,0.9989576094828764,1.0,0.0,0.9396325459317585
beijing_air,UCI Beijing Multi-Site Air,Aotizhongxin PM2.5,2.0,2,dropout,64,0.01,0.5,0.15,rolling_missing_fraction,0.9910893246187362,0.9377446735092971,1.0,6.5,0.6434108527131783
beijing_air,UCI Beijing Multi-Site Air,Aotizhongxin PM2.5,2.0,0,dropout,64,0.01,0.75,0.15,privsaf_dropout_hmm,0.9999918300653594,0.9999538317121139,1.0,0.0,0.9448818897637795
beijing_air,UCI Beijing Multi-Site Air,Aotizhongxin PM2.5,2.0,0,dropout,64,0.01,0.75,0.15,rolling_missing_fraction,0.9948863017429194,0.9637251178814283,1.0,7.0,0.7172774869109948
beijing_air,UCI Beijing Multi-Site Air,Aotizhongxin PM2.5,2.0,1,dropout,64,0.01,0.75,0.15,privsaf_dropout_hmm,0.9999754901960783,0.9998643739106954,1.0,0.0,0.9448818897637795
beijing_air,UCI Beijing Multi-Site Air,Aotizhongxin PM2.5,2.0,1,dropout,64,0.01,0.75,0.15,rolling_missing_fraction,0.9960021786492375,0.9742000957808729,1.0,2.5,0.8485639686684073
beijing_air,UCI Beijing Multi-Site Air,Aotizhongxin PM2.5,2.0,2,dropout,64,0.01,0.75,0.15,privsaf_dropout_hmm,0.9998665577342049,0.9993017572525065,1.0,0.0,0.9396325459317585
beijing_air,UCI Beijing Multi-Site Air,Aotizhongxin PM2.5,2.0,2,dropout,64,0.01,0.75,0.15,rolling_missing_fraction,0.9935634531590412,0.9529333513657796,0.8333333333333334,13.5,0.5680628272251309
nab,NAB Machine Temperature,value,0.5,0,dropout,16,0.01,0.25,0.15,privsaf_dropout_hmm,0.9673842592592592,0.8767073515714854,0.8695652173913043,1.0,0.5590551181102362
nab,NAB Machine Temperature,value,0.5,0,dropout,16,0.01,0.25,0.15,rolling_missing_fraction,0.9464208877995641,0.7901456026803406,0.782608695652174,1.0,0.553030303030303
nab,NAB Machine Temperature,value,0.5,1,dropout,16,0.01,0.25,0.15,privsaf_dropout_hmm,0.958656045751634,0.8574940919713,0.8695652173913043,0.0,0.5748031496062992
nab,NAB Machine Temperature,value,0.5,1,dropout,16,0.01,0.25,0.15,rolling_missing_fraction,0.9275354030501091,0.7268097473594033,0.782608695652174,1.0,0.5138539042821159
nab,NAB Machine Temperature,value,0.5,2,dropout,16,0.01,0.25,0.15,privsaf_dropout_hmm,0.9735430283224399,0.9017230486260803,0.9130434782608695,1.0,0.6771653543307087
nab,NAB Machine Temperature,value,0.5,2,dropout,16,0.01,0.25,0.15,rolling_missing_fraction,0.9581120642701526,0.806745390862984,0.782608695652174,1.0,0.5538847117794486
nab,NAB Machine Temperature,value,0.5,0,dropout,16,0.01,0.5,0.15,privsaf_dropout_hmm,0.9972644335511982,0.9860007753881244,1.0,0.0,0.868766404199475
nab,NAB Machine Temperature,value,0.5,0,dropout,16,0.01,0.5,0.15,rolling_missing_fraction,0.9868879357298475,0.9089466295024348,0.9565217391304348,1.0,0.6675257731958762
nab,NAB Machine Temperature,value,0.5,1,dropout,16,0.01,0.5,0.15,privsaf_dropout_hmm,0.9917102396514161,0.9614900241656166,1.0,0.0,0.8162729658792651
nab,NAB Machine Temperature,value,0.5,1,dropout,16,0.01,0.5,0.15,rolling_missing_fraction,0.9828261165577342,0.8769106944342019,0.9565217391304348,0.0,0.6469072164948454
nab,NAB Machine Temperature,value,0.5,2,dropout,16,0.01,0.5,0.15,privsaf_dropout_hmm,0.9959082244008713,0.9821340031712518,1.0,0.0,0.8713910761154856
nab,NAB Machine Temperature,value,0.5,2,dropout,16,0.01,0.5,0.15,rolling_missing_fraction,0.9902723311546842,0.9302812396181005,1.0,0.0,0.7613065326633166
nab,NAB Machine Temperature,value,0.5,0,dropout,16,0.01,0.75,0.15,privsaf_dropout_hmm,0.99932325708061,0.9962915065819318,1.0,0.0,0.926509186351706
nab,NAB Machine Temperature,value,0.5,0,dropout,16,0.01,0.75,0.15,rolling_missing_fraction,0.9953281590413944,0.9633176809453917,1.0,0.0,0.8325242718446602
nab,NAB Machine Temperature,value,0.5,1,dropout,16,0.01,0.75,0.15,privsaf_dropout_hmm,0.9988058278867102,0.9937404667692833,1.0,0.0,0.9081364829396326
nab,NAB Machine Temperature,value,0.5,1,dropout,16,0.01,0.75,0.15,rolling_missing_fraction,0.9926756535947712,0.937522775184207,1.0,1.0,0.7454068241469817
nab,NAB Machine Temperature,value,0.5,2,dropout,16,0.01,0.75,0.15,privsaf_dropout_hmm,0.9993559368191721,0.9966180117335466,1.0,0.0,0.926509186351706
nab,NAB Machine Temperature,value,0.5,2,dropout,16,0.01,0.75,0.15,rolling_missing_fraction,0.9960634531590414,0.9707243190243839,1.0,0.0,0.8642297650130548
nab,NAB Machine Temperature,value,0.5,0,dropout,64,0.01,0.25,0.15,privsaf_dropout_hmm,0.9993899782135076,0.9966712946998055,1.0,0.0,0.926509186351706
nab,NAB Machine Temperature,value,0.5,0,dropout,64,0.01,0.25,0.15,rolling_missing_fraction,0.9848297930283225,0.9094743273449861,0.8333333333333334,6.5,0.6191709844559585
nab,NAB Machine Temperature,value,0.5,1,dropout,64,0.01,0.25,0.15,privsaf_dropout_hmm,0.9967837690631808,0.9865240309193634,1.0,0.0,0.8923884514435696
nab,NAB Machine Temperature,value,0.5,1,dropout,64,0.01,0.25,0.15,rolling_missing_fraction,0.9849945533769063,0.9090605021099241,1.0,3.0,0.7125
nab,NAB Machine Temperature,value,0.5,2,dropout,64,0.01,0.25,0.15,privsaf_dropout_hmm,0.9948556644880174,0.9732953804441495,1.0,5.0,0.7664041994750657
nab,NAB Machine Temperature,value,0.5,2,dropout,64,0.01,0.25,0.15,rolling_missing_fraction,0.9847760076252723,0.8935233944736565,0.8333333333333334,14.5,0.5529715762273901
nab,NAB Machine Temperature,value,0.5,0,dropout,64,0.01,0.5,0.15,privsaf_dropout_hmm,0.9999291938997821,0.9996097791003064,1.0,0.0,0.9422572178477691
nab,NAB Machine Temperature,value,0.5,0,dropout,64,0.01,0.5,0.15,rolling_missing_fraction,0.9913664215686275,0.9380844395131391,0.8333333333333334,16.5,0.5065616797900262
nab,NAB Machine Temperature,value,0.5,1,dropout,64,0.01,0.5,0.15,privsaf_dropout_hmm,0.9995942265795207,0.997795315807313,1.0,0.0,0.937007874015748
nab,NAB Machine Temperature,value,0.5,1,dropout,64,0.01,0.5,0.15,rolling_missing_fraction,0.9923291122004357,0.9515812898073978,1.0,7.5,0.720626631853786
nab,NAB Machine Temperature,value,0.5,2,dropout,64,0.01,0.5,0.15,privsaf_dropout_hmm,0.9998134531590414,0.9989488066333783,1.0,0.0,0.9448818897637795
nab,NAB Machine Temperature,value,0.5,2,dropout,64,0.01,0.5,0.15,rolling_missing_fraction,0.9892047930283224,0.9290248189601583,0.8333333333333334,10.0,0.6227390180878553
nab,NAB Machine Temperature,value,0.5,0,dropout,64,0.01,0.75,0.15,privsaf_dropout_hmm,0.9999332788671024,0.9996323723041979,1.0,0.0,0.9448818897637795
nab,NAB Machine Temperature,value,0.5,0,dropout,64,0.01,0.75,0.15,rolling_missing_fraction,0.9930010893246188,0.9496979319259552,0.8333333333333334,14.0,0.5662337662337662
nab,NAB Machine Temperature,value,0.5,1,dropout,64,0.01,0.75,0.15,privsaf_dropout_hmm,0.9994274237472767,0.9973982238391017,1.0,0.0,0.931758530183727
nab,NAB Machine Temperature,value,0.5,1,dropout,64,0.01,0.75,0.15,rolling_missing_fraction,0.9934933278867102,0.9550890964292371,0.8333333333333334,11.5,0.5587467362924282
nab,NAB Machine Temperature,value,0.5,2,dropout,64,0.01,0.75,0.15,privsaf_dropout_hmm,0.9999360021786492,0.9996440691166784,1.0,0.0,0.9448818897637795
nab,NAB Machine Temperature,value,0.5,2,dropout,64,0.01,0.75,0.15,rolling_missing_fraction,0.994520697167756,0.9647008277232793,0.8333333333333334,7.0,0.6963350785340314
nab,NAB Machine Temperature,value,1.0,0,dropout,16,0.01,0.25,0.15,privsaf_dropout_hmm,0.9836056644880175,0.9195597625000267,0.9565217391304348,1.0,0.6587926509186351
nab,NAB Machine Temperature,value,1.0,0,dropout,16,0.01,0.25,0.15,rolling_missing_fraction,0.9721207788671025,0.8312665208184077,0.9565217391304348,0.0,0.6536585365853659
nab,NAB Machine Temperature,value,1.0,1,dropout,16,0.01,0.25,0.15,privsaf_dropout_hmm,0.9617715141612201,0.8387701029747298,0.7391304347826086,4.0,0.49081364829396323
nab,NAB Machine Temperature,value,1.0,1,dropout,16,0.01,0.25,0.15,rolling_missing_fraction,0.9420390795206972,0.7386104324745854,0.6956521739130435,6.0,0.47435897435897434
nab,NAB Machine Temperature,value,1.0,2,dropout,16,0.01,0.25,0.15,privsaf_dropout_hmm,0.9547290305010894,0.8572433158092049,0.782608695652174,3.0,0.5354330708661418
nab,NAB Machine Temperature,value,1.0,2,dropout,16,0.01,0.25,0.15,rolling_missing_fraction,0.9337928921568628,0.7447916484170671,0.782608695652174,3.0,0.5049019607843137
nab,NAB Machine Temperature,value,1.0,0,dropout,16,0.01,0.5,0.15,privsaf_dropout_hmm,0.9953608387799565,0.9774008640093066,1.0,0.0,0.847769028871391
nab,NAB Machine Temperature,value,1.0,0,dropout,16,0.01,0.5,0.15,rolling_missing_fraction,0.9894274237472767,0.9198431691226722,0.9565217391304348,1.0,0.75
nab,NAB Machine Temperature,value,1.0,1,dropout,16,0.01,0.5,0.15,privsaf_dropout_hmm,0.9927532679738562,0.9641489039958964,1.0,1.0,0.7690288713910761
nab,NAB Machine Temperature,value,1.0,1,dropout,16,0.01,0.5,0.15,rolling_missing_fraction,0.9838003812636165,0.8881145502803673,0.9565217391304348,1.0,0.6821515892420538
nab,NAB Machine Temperature,value,1.0,2,dropout,16,0.01,0.5,0.15,privsaf_dropout_hmm,0.9957952069716776,0.9799619522594265,1.0,0.0,0.8267716535433071
nab,NAB Machine Temperature,value,1.0,2,dropout,16,0.01,0.5,0.15,rolling_missing_fraction,0.9880678104575163,0.9196333454163745,0.9565217391304348,1.0,0.712082262210797
nab,NAB Machine Temperature,value,1.0,0,dropout,16,0.01,0.75,0.15,privsaf_dropout_hmm,0.998865059912854,0.993927817715679,1.0,0.0,0.910761154855643
nab,NAB Machine Temperature,value,1.0,0,dropout,16,0.01,0.75,0.15,rolling_missing_fraction,0.9947058823529412,0.9563170243917521,0.9565217391304348,1.0,0.8367875647668394
nab,NAB Machine Temperature,value,1.0,1,dropout,16,0.01,0.75,0.15,privsaf_dropout_hmm,0.9988997821350762,0.9941222540938223,1.0,0.0,0.910761154855643
nab,NAB Machine Temperature,value,1.0,1,dropout,16,0.01,0.75,0.15,rolling_missing_fraction,0.992962962962963,0.9456892187111706,1.0,0.0,0.8079800498753117
nab,NAB Machine Temperature,value,1.0,2,dropout,16,0.01,0.75,0.15,privsaf_dropout_hmm,0.9990223311546841,0.9948440243416468,1.0,0.0,0.9212598425196851
nab,NAB Machine Temperature,value,1.0,2,dropout,16,0.01,0.75,0.15,rolling_missing_fraction,0.9938834422657952,0.9544409726370445,0.9565217391304348,0.0,0.8112745098039216
nab,NAB Machine Temperature,value,1.0,0,dropout,64,0.01,0.25,0.15,privsaf_dropout_hmm,0.9985566448801744,0.9924742228884013,1.0,0.0,0.905511811023622
nab,NAB Machine Temperature,value,1.0,0,dropout,64,0.01,0.25,0.15,rolling_missing_fraction,0.9918368736383442,0.9391717398114366,1.0,9.0,0.6623376623376623
nab,NAB Machine Temperature,value,1.0,1,dropout,64,0.01,0.25,0.15,privsaf_dropout_hmm,0.996130174291939,0.9786490387454099,1.0,3.5,0.8241469816272966
nab,NAB Machine Temperature,value,1.0,1,dropout,64,0.01,0.25,0.15,rolling_missing_fraction,0.984182325708061,0.8867970757235909,1.0,11.5,0.5421994884910486
nab,NAB Machine Temperature,value,1.0,2,dropout,64,0.01,0.25,0.15,privsaf_dropout_hmm,0.9953063725490197,0.9794939510689239,1.0,0.0,0.8582677165354331
nab,NAB Machine Temperature,value,1.0,2,dropout,64,0.01,0.25,0.15,rolling_missing_fraction,0.9829813453159041,0.8701303472876656,0.6666666666666666,15.0,0.3785900783289817
nab,NAB Machine Temperature,value,1.0,0,dropout,64,0.01,0.5,0.15,privsaf_dropout_hmm,0.9998747276688452,0.9993021422118358,1.0,0.0,0.9448818897637795
nab,NAB Machine Temperature,value,1.0,0,dropout,64,0.01,0.5,0.15,rolling_missing_fraction,0.9954970043572984,0.970328890820183,0.8333333333333334,4.5,0.734375
nab,NAB Machine Temperature,value,1.0,1,dropout,64,0.01,0.5,0.15,privsaf_dropout_hmm,0.9996500544662309,0.9980414065750385,1.0,0.0,0.9396325459317585
nab,NAB Machine Temperature,value,1.0,1,dropout,64,0.01,0.5,0.15,rolling_missing_fraction,0.9920969498910674,0.9491484960361692,1.0,6.5,0.6553524804177546
nab,NAB Machine Temperature,value,1.0,2,dropout,64,0.01,0.5,0.15,privsaf_dropout_hmm,0.9994185729847495,0.9968793188196845,1.0,0.0,0.931758530183727
nab,NAB Machine Temperature,value,1.0,2,dropout,64,0.01,0.5,0.15,rolling_missing_fraction,0.989901279956427,0.9256308708438806,0.8333333333333334,7.0,0.5890052356020943
nab,NAB Machine Temperature,value,1.0,0,dropout,64,0.01,0.75,0.15,privsaf_dropout_hmm,0.999983660130719,0.999910394265233,1.0,0.0,0.9448818897637795
nab,NAB Machine Temperature,value,1.0,0,dropout,64,0.01,0.75,0.15,rolling_missing_fraction,0.995709422657952,0.9708140841341485,1.0,6.0,0.7558441558441559
nab,NAB Machine Temperature,value,1.0,1,dropout,64,0.01,0.75,0.15,privsaf_dropout_hmm,0.9999414488017428,0.9996722371595911,1.0,0.0,0.9448818897637795
nab,NAB Machine Temperature,value,1.0,1,dropout,64,0.01,0.75,0.15,rolling_missing_fraction,0.9963609749455338,0.975531922255145,1.0,4.5,0.7853403141361257
nab,NAB Machine Temperature,value,1.0,2,dropout,64,0.01,0.75,0.15,privsaf_dropout_hmm,0.9999496187363834,0.9997264833368817,1.0,0.0,0.9422572178477691
nab,NAB Machine Temperature,value,1.0,2,dropout,64,0.01,0.75,0.15,rolling_missing_fraction,0.991781045751634,0.9428852472155139,0.8333333333333334,14.5,0.5654450261780105
nab,NAB Machine Temperature,value,2.0,0,dropout,16,0.01,0.25,0.15,privsaf_dropout_hmm,0.9587826797385621,0.8723200835010783,0.8695652173913043,1.0,0.6272965879265092
nab,NAB Machine Temperature,value,2.0,0,dropout,16,0.01,0.25,0.15,rolling_missing_fraction,0.929488017429194,0.7665667322269573,0.8260869565217391,3.0,0.5866336633663366
nab,NAB Machine Temperature,value,2.0,1,dropout,16,0.01,0.25,0.15,privsaf_dropout_hmm,0.9601171023965142,0.8334467285771108,0.8695652173913043,2.0,0.49081364829396323
nab,NAB Machine Temperature,value,2.0,1,dropout,16,0.01,0.25,0.15,rolling_missing_fraction,0.9499305555555556,0.741595868058924,0.8695652173913043,4.0,0.5074626865671642
nab,NAB Machine Temperature,value,2.0,2,dropout,16,0.01,0.25,0.15,privsaf_dropout_hmm,0.9569594226579521,0.8472264117950404,0.8260869565217391,3.0,0.5380577427821522
nab,NAB Machine Temperature,value,2.0,2,dropout,16,0.01,0.25,0.15,rolling_missing_fraction,0.9445921840958605,0.7846920351653832,0.8260869565217391,0.0,0.6
nab,NAB Machine Temperature,value,2.0,0,dropout,16,0.01,0.5,0.15,privsaf_dropout_hmm,0.9949005991285402,0.9804465577478396,1.0,0.0,0.8582677165354331
nab,NAB Machine Temperature,value,2.0,0,dropout,16,0.01,0.5,0.15,rolling_missing_fraction,0.983526688453159,0.8968269057829035,0.9565217391304348,0.0,0.7272727272727273
nab,NAB Machine Temperature,value,2.0,1,dropout,16,0.01,0.5,0.15,privsaf_dropout_hmm,0.9908891612200436,0.959965993637718,1.0,0.0,0.7979002624671916
nab,NAB Machine Temperature,value,2.0,1,dropout,16,0.01,0.5,0.15,rolling_missing_fraction,0.9800272331154685,0.874890249371703,0.8695652173913043,0.0,0.6384615384615384
nab,NAB Machine Temperature,value,2.0,2,dropout,16,0.01,0.5,0.15,privsaf_dropout_hmm,0.9934368191721132,0.970162213392766,1.0,0.0,0.8398950131233596
nab,NAB Machine Temperature,value,2.0,2,dropout,16,0.01,0.5,0.15,rolling_missing_fraction,0.9850388071895424,0.8987449359951031,0.9565217391304348,0.0,0.6862244897959183
nab,NAB Machine Temperature,value,2.0,0,dropout,16,0.01,0.75,0.15,privsaf_dropout_hmm,0.9995710784313726,0.9977417670899218,1.0,0.0,0.931758530183727
nab,NAB Machine Temperature,value,2.0,0,dropout,16,0.01,0.75,0.15,rolling_missing_fraction,0.992890114379085,0.9487375167347323,0.9565217391304348,0.0,0.7980295566502463
nab,NAB Machine Temperature,value,2.0,1,dropout,16,0.01,0.75,0.15,privsaf_dropout_hmm,0.9978390522875817,0.9908924876676065,1.0,0.0,0.905511811023622
nab,NAB Machine Temperature,value,2.0,1,dropout,16,0.01,0.75,0.15,rolling_missing_fraction,0.9930787037037037,0.9464889005560798,1.0,0.0,0.7948051948051948
nab,NAB Machine Temperature,value,2.0,2,dropout,16,0.01,0.75,0.15,privsaf_dropout_hmm,0.9986097494553376,0.993630186747944,1.0,0.0,0.9133858267716536
nab,NAB Machine Temperature,value,2.0,2,dropout,16,0.01,0.75,0.15,rolling_missing_fraction,0.9942306644880174,0.9571805904143231,0.9565217391304348,0.0,0.812807881773399
nab,NAB Machine Temperature,value,2.0,0,dropout,64,0.01,0.25,0.15,privsaf_dropout_hmm,0.9965767973856209,0.9842996551832008,1.0,2.0,0.8661417322834646
nab,NAB Machine Temperature,value,2.0,0,dropout,64,0.01,0.25,0.15,rolling_missing_fraction,0.9834306917211328,0.8925089076798404,0.8333333333333334,0.5,0.6005221932114883
nab,NAB Machine Temperature,value,2.0,1,dropout,64,0.01,0.25,0.15,privsaf_dropout_hmm,0.9947317538126361,0.9773057216603731,1.0,0.0,0.84251968503937
nab,NAB Machine Temperature,value,2.0,1,dropout,64,0.01,0.25,0.15,rolling_missing_fraction,0.9897984749455337,0.9230416345205102,1.0,10.0,0.6062992125984252
nab,NAB Machine Temperature,value,2.0,2,dropout,64,0.01,0.25,0.15,privsaf_dropout_hmm,0.9983932461873638,0.9916844908070227,1.0,2.0,0.8976377952755905
nab,NAB Machine Temperature,value,2.0,2,dropout,64,0.01,0.25,0.15,rolling_missing_fraction,0.9843198529411765,0.9017455990882193,0.8333333333333334,2.5,0.6175710594315246
nab,NAB Machine Temperature,value,2.0,0,dropout,64,0.01,0.5,0.15,privsaf_dropout_hmm,0.9999074074074074,0.9994903596473933,1.0,0.0,0.9422572178477691
nab,NAB Machine Temperature,value,2.0,0,dropout,64,0.01,0.5,0.15,rolling_missing_fraction,0.9941162854030501,0.962118746632142,1.0,2.0,0.7637795275590551
nab,NAB Machine Temperature,value,2.0,1,dropout,64,0.01,0.5,0.15,privsaf_dropout_hmm,0.9983142701525054,0.9927424467894034,1.0,0.0,0.9002624671916011
nab,NAB Machine Temperature,value,2.0,1,dropout,64,0.01,0.5,0.15,rolling_missing_fraction,0.9961628540305011,0.9761566030422404,1.0,5.0,0.8597402597402597
nab,NAB Machine Temperature,value,2.0,2,dropout,64,0.01,0.5,0.15,privsaf_dropout_hmm,0.9998107298474946,0.9989576094828764,1.0,0.0,0.9396325459317585
nab,NAB Machine Temperature,value,2.0,2,dropout,64,0.01,0.5,0.15,rolling_missing_fraction,0.9910893246187362,0.9377446735092971,1.0,6.5,0.6434108527131783
nab,NAB Machine Temperature,value,2.0,0,dropout,64,0.01,0.75,0.15,privsaf_dropout_hmm,0.9999918300653594,0.9999538317121139,1.0,0.0,0.9448818897637795
nab,NAB Machine Temperature,value,2.0,0,dropout,64,0.01,0.75,0.15,rolling_missing_fraction,0.9948863017429194,0.9637251178814283,1.0,7.0,0.7172774869109948
nab,NAB Machine Temperature,value,2.0,1,dropout,64,0.01,0.75,0.15,privsaf_dropout_hmm,0.9999754901960785,0.9998643739106955,1.0,0.0,0.9448818897637795
nab,NAB Machine Temperature,value,2.0,1,dropout,64,0.01,0.75,0.15,rolling_missing_fraction,0.9960021786492375,0.9742000957808729,1.0,2.5,0.8485639686684073
nab,NAB Machine Temperature,value,2.0,2,dropout,64,0.01,0.75,0.15,privsaf_dropout_hmm,0.9998665577342047,0.9993017572525065,1.0,0.0,0.9396325459317585
nab,NAB Machine Temperature,value,2.0,2,dropout,64,0.01,0.75,0.15,rolling_missing_fraction,0.9935634531590412,0.9529333513657796,0.8333333333333334,13.5,0.5680628272251309
